shap_0,shap_1,shap_2,shap_3,shap_4,shap_5,shap_6,shap_7,shap_8,shap_9,shap_10,feat_0,feat_1,feat_2,feat_3,feat_4,feat_5,feat_6,feat_7,feat_8,feat_9,feat_10
-0.08307416935350025,-0.09069184013194481,-0.018896542545461473,0.003819073636523535,-0.00040645264279765513,0.014101610064088178,0.0,0.0,-0.002861045602350784,0.0006072498154216788,-0.0031244692176645335,0.35555556,0.0,0.016333334,0.84615386,1.1,0.6666667,0.0,0.0,1.8352941,0.0074333334,0.6666667
-0.07602393497619601,0.6966770993669276,0.0389479211742895,0.0014067531580295538,-0.003837145495919959,0.023256277318636075,0.0,0.0,0.003247825537175345,-0.005344110928451072,0.0013934747932640157,0.044444446,2.0,0.63193333,1.051282,1.4,0.6666667,0.0,0.0,1.2705883,0.6158,0.6666667
-0.07224977362762323,0.31635516474677605,-0.026420424203493772,-0.020570018675279075,-0.00964686889564088,0.25617428152704813,0.0,0.0,-0.007642328742147083,0.0037286899027014764,0.19193269615897426,0.44444445,0.7844,0.0247,1.2051282,1.7,0.0,0.0,0.0,1.7294117,0.0064,0.0
-0.1055657326405898,-0.06346282596663344,-0.01877422051609353,-0.00031226858775001975,-0.004815984224041251,0.013812858295466746,0.0,0.0,-0.0017198900257008973,0.0022895438807263653,-0.0019710237336688936,0.17777778,0.1924,0.0328,1.051282,1.5,0.6666667,0.0,0.0,1.7529411,0.033033334,0.6666667
-0.054173683763451934,-0.07425809371975747,-0.020449288662895717,-0.0033886181752166757,-5.666088800995728e-05,-0.06922865892550453,0.0,0.0,0.0073449294564233575,-0.0033634003893606413,0.03704223574139085,0.44444445,0.0,0.008366667,1.3846154,0.7,2.0,0.0,0.0,1.5352942,0.0073666666,0.0
-0.04265049389460109,-0.08719891907808171,-0.026268809605351058,-0.00949297416018154,0.0015151750845528438,-0.06892612860490015,0.0,0.0,0.0004934750953172118,-9.261777300514917e-05,0.05262365129103725,0.7111111,0.0,0.015833333,1.4615384,0.7,1.3333334,0.0,0.0,1.6941177,0.012733334,0.0
-0.015237456188781952,0.5345630379358779,0.04553740604811905,-0.026976051030815917,0.005055080562582272,0.043349982346533145,0.0,0.0,0.0035239283296020943,-0.0009666034566030435,0.03938434973305899,0.62222224,1.3312,0.42206666,1.4615384,0.8,0.6666667,0.0,0.0,1.7058823,0.094066665,0.0
0.35817884380164644,0.22235642000105618,0.08550066172790174,0.009717623729874603,0.008609923981475698,-0.06134313446180541,0.0,0.0,0.011533106868999362,0.004817090096545185,0.03876891551141791,2.0,1.1672,0.7075667,0.61538464,1.2,1.3333334,0.0,0.0,1.5117648,0.09726667,0.0
-0.14203835196737055,-0.08692547245292007,-0.024256247454687064,-0.010419375409189826,0.0026584335272694256,0.013907311046111802,0.0,0.0,0.01976347971339297,-0.000328034285963813,0.047194111263294126,0.13333334,0.0,0.022766666,1.4358975,0.5,0.6666667,0.0,0.0,1.0,0.0023333333,0.0
-0.04902839756832249,-0.07303871436103608,-0.012463548843586938,0.002135753433007253,0.00237589060111509,-0.05294583249006483,0.0,0.0,0.003372335688558015,-8.976945215896648e-05,-0.0008562848684303806,0.31111112,0.0,0.035566665,0.43589744,0.5,2.0,0.0,0.0,1.5588236,0.0311,0.6666667
0.6431443861664622,-0.06043867396733827,0.0017065114428891544,0.006264820432394152,0.009810213492454886,-0.0656015247705574,0.0,0.0,-0.00015079928544015075,0.006363457657315569,0.07350864803677697,2.0,0.021,0.13733333,0.025641026,0.7,1.3333334,0.0,0.0,1.8294117,3.3333334e-05,0.6666667
-0.05627065654727126,-0.0893224490372816,-0.015131493323080959,0.0027003829375074635,0.003559208072869048,0.013800733961331278,0.0,0.0,-0.00039619814850549995,0.0005354191664261577,-0.040010925877809404,0.44444445,0.0,0.034033332,0.53846157,0.5,0.6666667,0.0,0.0,1.7117647,0.028333334,1.3333334
0.28944750943154923,-0.0897505704613966,0.4690460109917914,-0.018354526846173367,-0.0046356292682524685,0.21372421942964454,0.0,0.0,0.013748140059718753,-0.004973945940548452,-0.10560357552093531,1.1555556,0.0,2.0,1.1794872,0.1,0.0,0.0,0.0,1.6882353,0.0015333333,1.3333334
-0.04285570895106178,-0.07043088251888162,-0.01260127717481982,0.0017060700920451834,0.0003564182145657513,-0.021989849347309305,0.0,0.0,-0.0031576057372590823,0.000459328680723002,-0.0320248634908957,0.35555556,0.0912,0.0036,0.5897436,1.2,1.3333334,0.0,0.0,1.8764706,0.0076,1.3333334
-0.09181932414187186,-0.08836008427272203,-0.014136426780810112,-0.005393681914376953,0.003792058736408884,0.016369356296577865,0.0,0.0,0.00012708765122843024,0.0006048067736633084,-0.0017202433499234897,0.13333334,0.0,0.0281,1.2307693,0.3,0.6666667,0.0,0.0,1.7588235,0.027633334,0.6666667
-0.05937335575128935,-0.06558492874312145,0.018052774284137468,0.0027931467682596467,-0.005544430156910861,-0.025944046402191695,0.0,0.0,-0.0019147531137583289,-0.006446609278563087,-0.03655695167012081,0.31111112,0.2044,0.6300333,0.6923077,1.7,1.3333334,0.0,0.0,1.8647059,2.0,1.3333334
0.00818027712204573,-0.07560911808337825,-0.04846063451971098,0.0058335072113583,-0.0021812284380763433,-0.0053317310106734345,0.0,0.0,-0.004330718121076789,0.00208489489229427,-0.040833837777989684,0.93333334,0.1412,0.0088,1.0,1.1,0.6666667,0.0,0.0,1.7294117,0.0085,0.6666667
0.4060689617507779,-0.005717385000583547,-0.018738039068017045,0.011384759896797395,0.00951173358236197,0.07056418909515981,0.0,0.0,0.0005446939051886313,0.0020639426944764547,0.16765928357178747,1.3777778,0.2248,0.057033334,0.53846157,0.6,0.6666667,0.0,0.0,1.7764705,0.019166667,0.0
-0.07003290309605466,0.7333619603133075,0.04594024722023533,0.005587353555957787,-0.0029081690094967497,0.020014893936785703,0.0,0.0,0.0001443150429720763,-0.008853289437166905,-0.007144473966358191,0.044444446,2.0,0.7601,0.7948718,0.8,0.6666667,0.0,0.0,1.0294118,0.76856667,1.3333334
-0.12602410267631448,-0.09234492056709846,0.04016300152910599,0.006358964137737017,0.006346536323368167,0.08322634465272935,0.0,0.0,-0.006273107301290017,0.0028440293055860266,-0.09468230222630775,0.31111112,0.02,0.77676666,0.051282052,0.3,0.0,0.0,0.0,1.7588235,0.0066333334,1.3333334
-0.03191275300127197,-0.0822175946389397,-0.011625125614843097,0.0016473617135127699,0.003386472048144496,-0.023732190389060423,0.0,0.0,-0.0009353576191242872,-8.330173785989214e-05,-0.035065342510287395,0.5777778,0.0,0.0652,0.15384616,0.6,1.3333334,0.0,0.0,1.7588235,0.0151,1.3333334
-0.10074354610542424,-0.0962497572627241,-0.033830946068779094,-0.012839833200005639,0.004817262950964362,0.013640170799443099,0.0,0.0,-0.00857264154816571,0.0007122303428273857,0.05310009196309914,0.4888889,0.0,0.0035666667,1.5384616,0.7,0.6666667,0.0,0.0,2.0,0.0128,0.0
-0.12458925035902081,-0.09364783185666205,-0.03084554471160662,-0.009612761625566875,-0.0016179258394373951,0.013396951168415092,0.0,0.0,0.014943948089466575,0.00036051600497152836,0.051706643344852796,0.35555556,0.0,0.018266667,1.3333334,1.3,0.6666667,0.0,0.0,1.2235295,0.0182,0.0
-0.05507291261768511,-0.0784834798806891,-0.011313682268346987,-0.0023150168423421674,0.003454218206849612,0.01242261569391879,0.0,0.0,0.0011140310664382765,0.0004088143201361194,-0.05075336974879103,0.17777778,0.0,0.029333333,1.2051282,0.7,0.6666667,0.0,0.0,1.7058823,0.0276,2.0
-0.07313636660883346,0.6885148611240456,0.060937633144581574,-0.007673018107206965,0.0059003095808525,-0.040616549285595015,0.0,0.0,0.008189037488856509,-0.01608770590291647,-0.0002085748722596703,0.044444446,2.0,0.7244,1.1282052,1.2,1.3333334,0.0,0.0,1.2764705,0.697,0.6666667
-0.06571503967367438,-0.07590316234328941,-0.01184988000623405,-0.000334074757289029,0.0,-0.02577903757163035,0.0,0.0,0.0003725030515020211,0.001097085732984555,-0.0024270043384897505,0.044444446,0.0,0.0,1.051282,1.2,1.3333334,0.0,0.0,1.7235295,0.0,0.6666667
0.2997278705762386,0.36319958930517254,-0.010752372209806604,0.023782052162867974,-0.0016138951728612572,0.07113425470823306,0.0,0.0,0.008010576669957276,0.003556828080310373,-0.08628325618865344,1.2,0.8328,0.079833336,0.3846154,1.1,0.6666667,0.0,0.0,1.6705883,0.081266664,1.3333334
-0.04660726845440218,-0.09046939501652368,-0.0204484415939941,0.0027012436862254535,0.0007959418221370473,0.012690157452216438,0.0,0.0,0.010777529515134629,0.0011767578079012752,-0.05114365147352316,0.62222224,0.0,0.011333333,0.33333334,0.7,0.6666667,0.0,0.0,1.3588235,0.0061666667,1.3333334
-0.06152901630386658,-0.07313797666007998,-0.016209043730086733,-0.00758142302167059,0.005141208099370616,-0.06863397245376586,0.0,0.0,0.0037887005903313883,0.00024355945403742307,0.037381921831995756,0.31111112,0.0,0.012433333,1.3333334,0.4,2.0,0.0,0.0,1.6235294,0.051633332,0.0
0.0033348453188019557,-0.10358428832725734,-0.030579923482593117,-0.015664646585699306,0.006877707606296468,-0.11076120388660837,0.0,0.0,0.005487137658444996,0.001909225130581782,0.07190768405119072,0.93333334,0.0,0.0051666666,1.4615384,0.4,1.3333334,0.0,0.0,1.6529412,0.0101666665,0.0
0.1924017669380544,0.6443068378996021,-0.012831930470152235,0.03868720219284516,0.026325706682418012,0.019690287540289023,0.0,0.0,-0.0232459747690953,-0.006375317177045092,-0.12078296424972627,1.3333334,1.5684,0.1434,0.4871795,0.3,0.6666667,0.0,0.0,1.7352941,0.1457,2.0
-0.16118893132187223,-0.09282735834601225,0.0032876724189202034,-0.0033499132865151184,0.0028585776803109215,0.0755583281068102,0.0,0.0,-0.0025290780520598856,-0.0011668962691481067,-0.0011377529355701965,0.08888889,0.0,0.32966667,1.2564102,1.1,0.0,0.0,0.0,1.8529412,0.11536667,0.6666667
-0.10329203610193975,-0.028412029045557414,-0.0230823488097565,0.0021291519602540665,-0.0028743702566963285,-0.032820737183153106,0.0,0.0,0.010809104223183017,-0.002926987801893131,-3.889723928814168e-05,0.13333334,0.4444,0.0265,0.7692308,1.4,1.3333334,0.0,0.0,1.3294117,0.037033334,0.6666667
-0.026313703848945914,-0.0825979902165649,-0.0132690720940125,0.002958527922861736,0.002702710401643774,-0.026076294606846757,0.0,0.0,-0.0025173266870055643,0.0006471871624505465,-0.03607128416774322,0.6666667,0.0,0.029433334,0.051282052,0.2,1.3333334,0.0,0.0,1.8,0.011,1.3333334
-0.03552016388645372,-0.0591891494440237,-0.03102492957906238,0.0028593309609174352,-0.0026214085620007536,-0.045727272695835194,0.0,0.0,-0.00468644598546734,0.00023248371499678955,-0.0047454059813600066,0.75555557,0.2088,0.0104,0.5897436,1.3,1.3333334,0.0,0.0,1.9058824,0.0018,0.6666667
-0.13418795142462966,-0.06431980940879573,-0.03988093957601913,0.004979507629426843,-0.006948599660742247,0.09983132958460803,0.0,0.0,-0.0006696634700157197,-0.00018760753778079842,-0.03307517468726568,0.4888889,0.1914,0.022466667,0.33333334,1.2,0.0,0.0,0.0,1.7470589,0.0062,0.6666667
-0.13130282774542082,-0.08511686679306842,-0.020887567214448597,-0.005053644904188056,0.003969688734662766,0.013694128410846388,0.0,0.0,-0.002594772712458485,0.00039562512362095736,0.046383093518124946,0.13333334,0.0,0.0158,1.2564102,0.8,0.6666667,0.0,0.0,1.8705882,0.011766667,0.0
0.09055433322810734,-0.0624121689897345,-0.025168457935461647,0.0028568209629314363,-0.00898687963681245,0.008756060674427095,0.0,0.0,-0.0018458056441983395,0.005129826859412173,-0.18474990000774189,1.1555556,0.1766,0.1644,0.17948718,1.2,0.6666667,0.0,0.0,1.7705883,0.0006,1.3333334
-0.009183092612426273,-0.09105718391302402,-0.026661259591663298,0.002909581398629181,0.003997379446397895,-0.0539711304995008,0.0,0.0,-0.0019451963741553735,0.001378948479407699,-0.005898010231769412,0.8888889,0.0,0.0035666667,0.7692308,0.3,1.3333334,0.0,0.0,1.7117647,0.0006,0.6666667
-0.019192305304115594,-0.09074480940395852,-0.024343230790084748,0.00394787827579707,0.00455074959709728,-0.04384507536627909,0.0,0.0,-0.004891928945853011,0.0003021366432472139,-0.006273187637655798,0.84444445,0.0,0.0041333335,0.25641027,0.2,1.3333334,0.0,0.0,1.8764706,0.0060666665,0.6666667
0.0780563924571301,-0.10083763017459728,-0.03131398049210113,-0.0001360456643539898,0.007939154088758846,-0.11268678007436231,0.0,0.0,-0.005837530134277289,0.001614195220992649,-0.015621505023366188,1.2,0.0,0.0039333333,0.20512821,0.6,1.3333334,0.0,0.0,1.7941177,0.0016,0.6666667
-0.05950768512594282,-0.08015241738655737,-0.01130498887408236,0.0013764876586453598,-0.0014868240925035652,-0.02600953142953739,0.0,0.0,-0.0018182302204150123,0.0002555124063590708,-0.0018898247188575857,0.26666668,0.0,0.05026667,0.84615386,1.3,1.3333334,0.0,0.0,1.8470588,0.0026,0.6666667
-0.0397780555444028,-0.06820084889240044,-0.010955580887321506,-0.003157975758008668,-0.005325184289447602,-0.02062709500884389,0.0,0.0,-0.0007776849707702149,-0.0057731779588180215,-0.025941637985183095,0.22222222,0.0672,0.0056,1.3846154,1.9,1.3333334,0.0,0.0,1.7588235,2.0,1.3333334
0.21405183629240113,-0.12269018662840805,-0.0317598153780948,-0.0063257862768899015,0.004797136061270206,-0.1738544897573601,0.0,0.0,-0.003201496527705381,-0.0003786481423615762,-0.027613378371167716,1.4666667,0.0,0.022466667,0.051282052,0.8,1.3333334,0.0,0.0,1.7764705,0.018733334,0.6666667
-0.13099667257929656,-0.08346178276053767,-0.021191708457498595,-0.004905615091974295,0.0013769297716760367,0.013162560180987182,0.0,0.0,-0.0022578176065279625,0.0004289391130977427,0.04735241718368921,0.17777778,0.0,0.022533333,1.2564102,0.3,0.6666667,0.0,0.0,1.7647059,0.0048666666,0.0
-0.07286020542479588,-0.05765748607180236,-0.04604872536270692,-0.017421015299054734,0.002639358698422023,-0.008924653979260615,0.0,0.0,-0.011197941280130448,0.004586196079742361,0.08232499875917844,0.6666667,0.178,0.0093,1.4102564,1.0,0.6666667,0.0,0.0,1.8529412,0.011433333,0.0
-0.09336675068402311,-0.09500839291602985,0.4731127634894118,0.005611858420616139,-0.0031598767376819215,0.23214807469194854,0.0,0.0,0.01432306056595306,-0.00653216512793978,0.18975044158946378,0.4,0.0,2.0,0.94871795,0.1,0.0,0.0,0.0,1.7941177,0.0083,0.0
0.4034872838748503,-0.04983334821649598,-0.03469236281125481,-0.000134085306403936,-0.007559236867283642,-0.12859919417044363,0.0,0.0,0.0070016385513948605,0.0017921200394563487,0.03221541923671754,1.6444445,0.0924,0.0077,0.33333334,1.1,1.3333334,0.0,0.0,1.7,0.008533333,0.6666667
-0.023893295487969896,-0.04086302762026558,-0.020325578031411565,-0.0003610251115696755,-0.0011434507922765326,-0.03922901955379293,0.0,0.0,0.002259080468889534,-6.827705566439524e-05,-0.0568753117370006,0.75555557,0.3548,0.065966666,0.2820513,0.8,1.3333334,0.0,0.0,1.7411765,0.0179,1.3333334
0.05467131447351691,-0.0900749657765255,-0.019052288626564256,-0.0020927445508042088,-0.0015056761852432396,-0.051093596567645304,0.0,0.0,0.0011069775311351726,0.002117283690229423,-0.07458164030601822,1.1555556,0.0,0.031033333,0.07692308,0.8,1.3333334,0.0,0.0,1.7235295,0.0055,1.3333334
-0.10053488369800723,-0.11462605622811413,-0.034200864518851216,0.009476691638547906,0.0004873577948119323,0.09273975419322537,0.0,0.0,-0.010173357477333252,-0.000500360986871006,-0.02124261175774402,0.5777778,0.0,0.0395,0.35897437,0.9,0.0,0.0,0.0,1.9764706,0.0937,0.6666667
-0.12239052255113533,-0.10105055289842754,-0.03436002901807779,2.9827389713077412e-05,0.0032346768327303024,0.0833147712141696,0.0,0.0,-0.0027663408276368193,-0.0016037190764313074,-0.004424647033265382,0.44444445,0.0,0.021066668,1.0256411,0.9,0.0,0.0,0.0,1.7941177,0.0176,0.6666667
-0.16241023197243243,-0.1085640555090616,-0.038149636382030824,-0.011920208669875292,-0.0029878560743624096,0.09121918721319473,0.0,0.0,-0.0029744102430083103,0.002825556761260506,0.060261548075940356,0.35555556,0.019,0.0104,1.5897436,1.5,0.0,0.0,0.0,1.7352941,0.008166667,0.0
-0.1275083046795801,-0.08114025589394988,-0.016336366313897642,-0.015955119565973796,0.0015521486600038375,0.015969636796893782,0.0,0.0,-0.00026142538324016104,-0.00017448393226349168,0.043325623544689315,0.044444446,0.0,0.019366667,1.7692307,0.8,0.6666667,0.0,0.0,1.8,0.019533332,0.0
-0.1089332566107071,-0.09213309185567821,-0.03655724332472898,-0.0015228956620099324,0.000493718462824394,0.01054767859351728,0.0,0.0,-0.004109410563854257,-0.002250994452275374,0.055151483303768734,0.4888889,0.0294,0.0012333334,1.1282052,1.1,0.6666667,0.0,0.0,1.8941176,0.010733333,0.0
-0.0419669146946438,-0.07683851915564173,-0.011855597596049691,-0.00042666880690528375,-0.002624090063657171,-0.018255858334979978,0.0,0.0,0.0020913330713791824,-0.00041093206430610143,-0.030251245040068035,0.26666668,0.0,0.0,0.9230769,1.7,1.3333334,0.0,0.0,1.5882353,0.0,1.3333334
-0.045731473163564886,-0.06589737421682648,-0.00519659365396281,0.0030524228399310058,-0.004716381236263362,-0.020549783290217814,0.0,0.0,0.0005793679139143582,-0.0011754061591325842,-0.04090377568045083,0.13333334,0.0,0.14396666,0.7692308,1.6,1.3333334,0.0,0.0,1.7117647,0.0027333333,2.0
-0.13728811869375734,-0.09870212283262245,-0.026920535275690563,0.0016571721340167063,0.00439559215370091,0.07962226042005413,0.0,0.0,-0.0006970039520043088,0.0006445101638737905,-0.003099287352077545,0.31111112,0.0,0.0331,0.8974359,0.3,0.0,0.0,0.0,1.7529411,0.0428,0.6666667
-0.04232152661721003,-0.08783407902499782,-0.018563954624743157,-8.602492056203337e-05,0.004204854842756598,-0.035627221296407025,0.0,0.0,0.0017465859538366721,0.0014756912386297868,-0.003516086828762224,0.6666667,0.0,0.027966667,0.974359,0.2,1.3333334,0.0,0.0,1.7,0.021266667,0.6666667
0.010747204723544039,-0.0637307077812758,-0.0228474937359267,0.003812937032471154,0.0027335561517281837,0.09813923173382617,0.0,0.0,-0.006829324824113716,-0.006540057543624529,-0.19593869493902713,0.84444445,0.187,0.0004,0.20512821,1.3,0.0,0.0,0.0,1.8764706,0.0039333333,2.0
-0.007268639973506206,0.01633233777383518,-0.02133232995589059,-0.008081736756515018,-0.002317521768082302,-0.10399039258710868,0.0,0.0,0.00526860826245687,-0.003669276582278265,-0.05535941006172786,0.8,0.6454,0.0303,0.12820514,1.4,2.0,0.0,0.0,1.5294118,0.107266665,1.3333334
-0.053583570779874606,-0.08119844701003473,-0.013724132260080586,0.0010091100365831407,-0.0038047037840851588,-0.027179840408026425,0.0,0.0,-5.412460946272342e-05,0.00016277514968471296,-0.00216231806431025,0.4,0.0,0.0165,0.8974359,1.6,1.3333334,0.0,0.0,1.7058823,0.015266667,0.6666667
-0.12848036435573282,-0.085081621930626,-0.024856252056159774,-0.007436011142546146,0.002439068885912977,0.014324527872855888,0.0,0.0,0.0006514449870832807,0.0006358990695969624,0.047332132961781015,0.22222222,0.0,0.0044333334,1.3076923,0.8,0.6666667,0.0,0.0,1.6764706,0.0036333334,0.0
-0.18257246693784504,-0.10724545182835044,-0.02935605165354215,-0.008384158105921975,0.005047555749533575,0.08966858986380702,0.0,0.0,-0.0023336417231240207,0.0018163241411418007,0.05516016462751225,0.22222222,0.0,0.025633333,1.4102564,0.3,0.0,0.0,0.0,1.7058823,0.011766667,0.0
0.25812239892395705,-0.13660502619438047,-0.04287508523180675,0.014463004511067929,0.028436896208587577,0.20298464154429804,0.0,0.0,-0.01255921262176924,-0.0022112681176223586,-0.19033045310121866,1.3333334,0.0,0.0033,0.82051283,0.3,0.0,0.0,0.0,1.7764705,0.0025666666,1.3333334
0.009432227148960904,-0.09012081780281646,-0.030303217073670202,0.004360854423604076,0.003164626407018988,-0.06814608677450845,0.0,0.0,-0.0036733375732082387,0.000765491218703146,-0.005850957412061492,0.9777778,0.0,0.0013333333,0.46153846,0.5,1.3333334,0.0,0.0,1.8647059,0.0057333335,0.6666667
-0.18251463037082294,-0.03631519889294038,-0.04278481224461411,-0.01951340476570396,-0.019491596959880526,0.12265354602647763,0.0,0.0,-0.01144475897518534,0.0004901169056980292,0.08656162629076664,0.35555556,0.2582,0.0068,1.4871795,1.6,0.0,0.0,0.0,1.8235294,0.1516,0.0
-0.014421475562538711,0.6044421498698034,-0.02515421983565443,-0.018527994517775544,0.00515876786037104,0.03626159079049805,0.0,0.0,0.0034390539430172425,-0.0014798199702714676,0.01938545135681669,0.7111111,1.675,0.0017666667,1.4102564,0.6,0.6666667,0.0,0.0,1.7823529,0.10696667,0.0
0.03747104791813942,0.19130706634044972,-0.02009688513277622,-0.02955643163662946,0.0008446600338134284,0.27063115964162293,0.0,0.0,0.0015597827992713809,0.005405928820486026,0.18729769703862187,0.6666667,0.5892,0.043833334,1.5384616,1.1,0.0,0.0,0.0,1.7411765,0.036066666,0.0
-0.09580433104906286,-0.09209806829791092,-0.016692232283623813,0.003725825566491518,0.0015083170106262572,0.06322988297734702,0.0,0.0,-0.0006072409020710101,0.0024589631567898808,-0.046257781166325423,0.08888889,0.0,0.014466667,0.23076923,0.7,0.0,0.0,0.0,1.8176471,0.0909,1.3333334
-0.0702071023441333,0.6855740493067889,0.04124087150731973,0.0024823476319432865,0.0014735278812864072,-0.0373494029621481,0.0,0.0,0.0031927422061539044,-0.00810275019333737,0.004984411101198405,0.044444446,2.0,0.5984667,0.84615386,1.3,1.3333334,0.0,0.0,0.9470588,0.6521,0.6666667
-0.04367843809372574,0.7463886614589883,-0.0020341417999234614,0.008373740834244294,2.1607559034686474e-05,0.01909540897980216,0.0,0.0,0.0024523798715456622,0.0032950238224821213,-0.007700486317810571,0.31111112,2.0,0.20096667,0.30769232,1.4,0.6666667,0.0,0.0,1.2588235,0.19133334,1.3333334
-0.054012688081076454,-0.05280914488387474,-0.012249305970308334,0.0009990764865414614,-0.0054796176507068825,-0.019798685261665977,0.0,0.0,-0.0017378738199468084,-0.007485459695940299,-0.027964667635513585,0.0,0.1856,0.021533333,0.025641026,1.7,1.3333334,0.0,0.0,1.7882353,2.0,1.3333334
0.0033540445653346897,-0.0736106740589333,-0.03150891179248681,-0.0008022441795839386,-0.0037875115917019504,-0.0689332175667801,0.0,0.0,0.0004580104278099628,0.0007165841453651649,-0.006053585023856092,0.93333334,0.0924,0.007033333,1.1025641,1.3,1.3333334,0.0,0.0,1.6882353,0.0019,0.6666667
-0.06194324743875477,-0.05500946363741992,-0.030306916294192836,-0.0015248882637432038,-0.007035318426991302,-0.07606454318625144,0.0,0.0,-0.004502857856116236,0.0008313869271519836,0.05591698906512615,0.62222224,0.1818,0.021566667,1.1282052,1.6,1.3333334,0.0,0.0,1.8470588,0.10846667,0.0
-0.11835326400516426,-0.08135127719738763,-0.022682670693730936,-0.010754869324268234,-0.0021712841489961413,0.014637926027027655,0.0,0.0,-0.006464671860373968,0.0012139775138996223,0.045436860429939885,0.22222222,0.0254,0.004466667,1.6923077,1.5,0.6666667,0.0,0.0,1.9588236,0.0044,0.0
-0.04429243002960425,-0.07723018859438295,-0.01054711260059786,0.0013835275156777683,0.003772799032877809,-0.020494419255322954,0.0,0.0,-0.0017279818770848771,-0.0005440240043775302,-0.0308590580344317,0.26666668,0.0,0.012633333,0.33333334,0.5,1.3333334,0.0,0.0,1.7764705,0.0252,1.3333334
-0.054359711521037246,-0.08174681728547567,-0.01532116445917628,-0.000657497102569316,0.003008215542802324,-0.02954412614063123,0.0,0.0,0.0002618038260630007,0.0007256557753759434,-0.002901724063619287,0.44444445,0.0,0.0021,0.94871795,0.8,1.3333334,0.0,0.0,1.6529412,0.049533334,0.6666667
-0.03895448740142908,-0.0867859373795723,-0.019217252944272303,0.002698810375611074,0.0028221356093510006,-0.03418837187699197,0.0,0.0,-0.0034435257852980777,-0.0008476398525916473,-0.0026098843086938338,0.6666667,0.0,0.014766667,0.6923077,0.6,1.3333334,0.0,0.0,1.8470588,0.0077,0.6666667
0.06477026324633531,-0.1269367355194012,0.3230573763742915,0.01876523387020342,-0.0014592029598097494,-0.12482551569280417,0.0,0.0,-0.006605576774967093,-0.003485455907961954,0.003140095276132868,0.84444445,0.0,2.0,0.53846157,0.1,1.3333334,0.0,0.0,1.8058823,0.0032333334,0.6666667
-0.059477552789731464,-0.08647833356497021,0.021240844120797065,0.003131653431702717,0.0015814791813884817,-0.02574585158493809,0.0,0.0,-0.00020783270978333435,0.0011370164515216517,-0.03571806196396922,0.31111112,0.0,0.6663333,0.71794873,1.0,1.3333334,0.0,0.0,1.7235295,0.014733333,1.3333334
0.19491579240625898,-0.09979069118399023,-0.027066254459265766,0.00912090455576648,0.009050142285888034,-0.28999095788964047,0.0,0.0,0.011108916737012232,-0.003448841228017599,0.09486146708550254,1.3777778,0.0,0.03973333,0.71794873,0.2,2.0,0.0,0.0,1.6294118,0.0399,0.0
-0.02878852174272302,-0.08032651697893894,-0.009134025672551943,-0.0021891739022835343,-0.006836381349073019,-0.022326377710722902,0.0,0.0,0.004379528063741339,-0.0054633901212854845,-0.029844573057619967,0.5777778,0.0,0.09836667,1.2564102,2.0,1.3333334,0.0,0.0,1.5705882,2.0,1.3333334
-0.0442321929498327,-0.07351948064875215,-0.01069684191452521,-0.003265433223809216,-0.0012947869035313756,-0.01947687183617918,0.0,0.0,-0.0010054318108431823,0.0007340228828587037,-0.02778181422273937,0.17777778,0.0,0.022633333,1.3333334,1.4,1.3333334,0.0,0.0,1.7882353,0.049433332,1.3333334
-0.061052952743461196,-0.07041087475063006,-0.015049928665691607,-0.00033384797246428083,-0.0017528300301045052,-0.027752132172904197,0.0,0.0,-3.096839850522115e-05,-0.00013250560793925134,-0.0040177912205697,0.35555556,0.1136,0.0047333334,0.974359,1.4,1.3333334,0.0,0.0,1.7411765,0.009466667,0.6666667
-0.05757181971718369,-0.08088207625865482,-0.014919857156430844,0.0010410830225380389,0.0020234904882333177,-0.028461163975881793,0.0,0.0,-0.0001236811838983276,0.0004973482408199638,-0.002140438412054193,0.35555556,0.0,0.0112,0.74358976,0.7,1.3333334,0.0,0.0,1.7529411,0.07506666,0.6666667
-0.05261716547530297,-0.09198587430774889,-0.014496207053727428,0.006050323325732962,5.6859783386431495e-05,0.06740491478525588,0.0,0.0,0.000719500188440556,-6.173484055267525e-05,-0.09560450209223835,0.53333336,0.0,0.0015666666,0.102564104,0.3,0.0,0.0,0.0,1.7352941,0.007766667,2.0
0.05404499460850389,0.47912495793070087,0.04545982402780813,-0.006735924230319245,-0.005832976414864133,0.041026051529877074,0.0,0.0,0.008979399905182985,0.0030074502641692963,0.06379971294269354,0.93333334,2.0,0.5448,0.94871795,1.5,0.6666667,0.0,0.0,1.6588235,0.013966667,0.0
-0.06318937108663938,-0.0852590199190065,-0.012658997847489539,0.0020721441570562605,0.0031393650052453396,0.014062121747834248,0.0,0.0,-0.0018444266900603029,9.651768796159477e-05,-0.036956633888347114,0.22222222,0.0,0.004466667,0.41025642,0.4,0.6666667,0.0,0.0,1.8529412,0.0028666668,1.3333334
-0.0376735920125055,-0.06910401622471692,-0.04568084917804356,0.002260233449527444,-0.008008915305427466,0.004904671167852979,0.0,0.0,-0.0036291598934368664,0.001991562298523021,0.10220575339408978,0.75555557,0.12,0.018166667,0.9230769,1.2,0.6666667,0.0,0.0,1.7705883,0.0009,0.0
-0.0680982297804055,-0.08295760691137329,0.02052503635329808,-0.004845520979473085,-0.006303789388558839,-0.029394705603756708,0.0,0.0,-0.000439212834832059,-0.005993562039466328,-0.0030100800533809213,0.22222222,0.0,0.6362,1.4102564,1.8,1.3333334,0.0,0.0,1.7058823,2.0,0.6666667
-0.05627334206465047,-0.0808194481205723,-0.013168858431424405,-0.0002864518150327334,0.0021104494444730004,-0.02713752224890465,0.0,0.0,-0.0026235610145421274,-0.000530868377127169,-0.0018078306610648182,0.35555556,0.0,0.0026,0.974359,0.6,1.3333334,0.0,0.0,1.9235294,0.023333333,0.6666667
-0.14642656387836273,-0.05838873792106332,-0.027480778432357928,-0.00250909098652764,-0.005027594574960208,0.012711694014422069,0.0,0.0,-0.005979519873373733,5.979770696407094e-05,0.05274776314744835,0.17777778,0.206,0.037366666,1.2564102,1.7,0.6666667,0.0,0.0,1.9058824,0.051666666,0.0
-0.010093287227659318,0.7379898046427907,0.00047761293603104806,0.005068613062187504,0.0002563635134746889,-0.03285520574869545,0.0,0.0,0.0020730908589905463,-0.0035216626479044532,-0.003943351429222717,0.7111111,2.0,0.18873334,0.64102566,1.1,1.3333334,0.0,0.0,1.7235295,0.24256666,1.3333334
-0.06893929255898829,-0.09661567582031001,-0.029173042514575278,-0.003086826997285729,0.005743054152324126,0.011481398264823318,0.0,0.0,0.003817462388065569,0.0005787292084033779,-0.004182014925565763,0.62222224,0.0,0.033266667,1.0769231,0.7,0.6666667,0.0,0.0,1.6294118,0.009666666,0.6666667
-0.05126351829274701,-0.04649686836559602,-0.016067221376282578,0.0015218661088570752,-0.005248942335344711,-0.025931482080320794,0.0,0.0,-0.001426289572986076,0.00038622357484485725,-0.036008681589601965,0.35555556,0.338,0.0024333333,0.71794873,1.6,1.3333334,0.0,0.0,1.7470589,0.029033333,1.3333334
-0.00015816796020909352,-0.09022548344994362,-0.027908467920366508,0.0019831657116044644,0.0034281774681014887,-0.05874016405757579,0.0,0.0,-0.0036878562242494985,0.0009243978225084426,-0.005999732226525093,0.93333334,0.0,0.0096,0.94871795,0.3,1.3333334,0.0,0.0,1.7941177,0.003,0.6666667
-0.020110623555198034,-0.10809204889069625,-0.03684263755517595,0.0037512874943477856,0.002442916406171086,0.0077437675561604705,0.0,0.0,-0.007596941690593926,-0.0010995110729559783,-0.018818932883186326,0.8888889,0.0,0.0076666665,0.6666667,0.8,0.6666667,0.0,0.0,1.8764706,0.002,0.6666667
-0.061594687049501724,-0.12270640559073663,0.2511323561232964,-0.0015924353768749372,0.002429044132850525,-0.28980846629364526,0.0,0.0,0.009631443717310718,-0.008712783396121141,0.11308520841868779,0.62222224,0.0,2.0,1.1538461,0.1,2.0,0.0,0.0,1.617647,0.0058,0.0
-0.09052420526591407,-0.08738752154236476,-0.013203948415619523,-0.0018568125014245336,0.0008904147271685259,0.014602435277313672,0.0,0.0,-0.0013916672480188278,-0.0004692313576891889,-0.0011939050564663122,0.17777778,0.0,0.0445,1.1025641,1.2,0.6666667,0.0,0.0,1.7764705,0.0070666666,0.6666667
-0.05436993677998452,-0.04935973622908833,-0.01049367381274127,-0.0026742196677150064,-0.005505458315518153,-0.021546888017998676,0.0,0.0,-0.0014280513225573555,-0.006385645594407373,-0.02877110314354372,0.13333334,0.2784,0.0184,1.3846154,1.9,1.3333334,0.0,0.0,1.7352941,2.0,1.3333334
-0.07971920797507218,-0.08069533256530283,-0.01703876538950458,-0.007934689199376945,-0.0027852195844769796,0.012485537553974878,0.0,0.0,-0.001833309565132338,4.629947417528202e-05,-0.0030520963201513766,0.31111112,0.0514,0.0051666666,1.6410257,1.6,0.6666667,0.0,0.0,1.8470588,0.010933333,0.6666667
0.11049308159407785,-0.10467398344923787,-0.04180086379664017,-0.012981823441117576,0.007001857206419442,0.2707454194382076,0.0,0.0,-0.007478628934736817,0.00798849257527684,0.2171693811477786,0.8,0.0068,0.0003,1.3076923,0.8,0.0,0.0,0.0,1.8176471,0.0061666667,0.0
-0.17209069522454884,-0.10247234654857192,-0.03173987505204099,-0.022779729488247212,0.0014372690044754588,0.0946617334869044,0.0,0.0,0.06202998158706111,-0.0006596662449323831,-0.006846964672310698,0.22222222,0.0,0.0153,1.7692307,0.7,0.0,0.0,0.0,0.0,0.020733334,0.6666667
0.0645627312977116,0.563285316370759,-0.017133282170924302,0.0008443415827124046,0.01585278754075286,-0.07024539409117535,0.0,0.0,0.000622481371685005,0.0032662731609901428,0.017891636475514876,1.0666667,2.0,0.066133335,0.8717949,0.7,1.3333334,0.0,0.0,1.4,0.089033335,0.0
-0.11711811415308067,0.07910874589765225,-0.02443830174479531,0.005694603626356814,-0.018253384357827227,0.014104664110516012,0.0,0.0,-0.0012966367491387132,-0.005122469891787991,-0.1083033270726614,0.4,0.8116,0.0638,0.8974359,1.7,0.6666667,0.0,0.0,1.6823529,0.5233,1.3333334
0.16713471328027565,-0.11392218972935408,-0.04012423221798532,-0.00037579608951410215,0.027516996098968804,0.007927680057302756,0.0,0.0,-0.002647238265537002,-0.0068853628498443085,-0.21012851430952884,1.3777778,0.0,0.0049333335,0.0,0.3,0.6666667,0.0,0.0,1.7176471,0.0034666667,1.3333334
0.044653377103108766,0.08675151893692086,-0.033432469481786506,-0.01653854366330384,0.011818889805939788,0.053269492479455956,0.0,0.0,0.0009336200998778521,0.007918709299568161,0.16514622674492713,0.75555557,0.3104,0.029466666,1.051282,0.8,0.6666667,0.0,0.0,1.7941177,0.0049666665,0.0
-0.09329934986601587,-0.060508211268228716,-0.03642370013339393,0.000528018792980478,0.006503840807254293,0.013681005639647343,0.0,0.0,-0.002078075202267827,-0.0003532510418057466,-0.007758805239462868,0.5777778,0.2214,0.0054666665,1.051282,0.5,0.6666667,0.0,0.0,1.7529411,0.0002,0.6666667
0.14605572958302035,-0.05867918436807498,-0.04198867356253357,0.00029408586439860773,0.006970344643892679,-0.170460389645485,0.0,0.0,-0.010055845971004175,0.010625747298873644,-0.028808270426704616,1.3333334,0.1486,0.022166668,0.12820514,0.8,1.3333334,0.0,0.0,1.7882353,0.016866667,0.6666667
0.28109898274269124,0.34417944689308594,0.005076864615330697,0.0066953381659245964,0.004057064299943104,0.03454942948692252,0.0,0.0,0.0009554652983225229,-0.0009059612259282313,0.02574753541258195,1.7777778,2.0,0.2154,0.7948718,0.7,0.6666667,0.0,0.0,1.9058824,0.16276667,0.0
-0.05365563695206397,-0.08138301355814745,-0.015123294478328038,0.0019753137917012807,0.0028647563679932327,-0.03178096452135987,0.0,0.0,-0.0010028604492675075,-0.00011085805630273171,-0.002318513973051132,0.4888889,0.0,0.003,0.5641026,0.6,1.3333334,0.0,0.0,1.7588235,0.018933333,0.6666667
-0.01688256021558089,-0.08883349318752258,-0.03361315382994969,0.00016746714229379234,0.0011397313103002858,-0.10179220413327102,0.0,0.0,-0.004664701884360989,0.004008509822652876,0.06237615442417183,0.84444445,0.0156,0.0013666666,0.8974359,0.8,1.3333334,0.0,0.0,1.9058824,0.0025333334,0.0
0.004824626666329144,-0.07489288859130631,-0.03192447663915006,0.002410630186194127,-0.0005075366562250033,-0.07052193408457708,0.0,0.0,-0.0037997138120288575,0.001256148296479881,-0.007085998428500952,0.93333334,0.1096,0.0081,0.64102566,1.1,1.3333334,0.0,0.0,1.8235294,0.013133333,0.6666667
-0.05776200236499928,-0.08118209569323528,-0.016108162793565493,0.001985877346783167,0.0042289542506813455,-0.02960871809373879,0.0,0.0,-0.00011998548700570266,0.00034269194764388464,-0.002312593701558429,0.44444445,0.0,0.008933334,0.6923077,0.3,1.3333334,0.0,0.0,1.7882353,0.032266665,0.6666667
-0.02151545156301278,-0.08802109383634445,-0.025033084346325396,0.0030532444371817328,0.005766679295591757,-0.04707919654829048,0.0,0.0,0.00048156209704050545,-0.0005551571830241551,-0.007576674057944952,0.84444445,0.0,0.00043333333,0.53846157,0.3,1.3333334,0.0,0.0,1.7705883,0.0067666667,0.6666667
-0.13471369942722794,-0.05816293218757466,-0.036079062452679674,-0.0011220546750857284,0.0016279352621525467,-0.0012355637716289561,0.0,0.0,-0.005566796085954301,0.0033426944028656556,0.057994214570028256,0.44444445,0.21,0.0255,1.1282052,1.0,0.6666667,0.0,0.0,1.8529412,0.017866667,0.0
-0.0168035357817887,-0.08373692169492587,-0.013610587746462292,0.0019234985050896548,-0.0019880191457936516,-0.026580913203741566,0.0,0.0,-0.0033925289483805864,0.00047934939363247775,-0.03682610917044605,0.75555557,0.0,0.045066666,0.43589744,1.4,1.3333334,0.0,0.0,1.8117647,0.043833334,1.3333334
-0.043465835986256515,-0.07641753168546501,-0.01729532464415016,-0.004921479763273316,-0.001527067819030143,-0.036260467773093746,0.0,0.0,0.0004973418874633095,0.0009582952754981955,-0.002086027169879056,0.62222224,0.0702,0.0077,1.3076923,1.2,1.3333334,0.0,0.0,1.7,0.0008,0.6666667
-0.07224675557844025,0.7361957260642745,0.044261230168957263,-0.017172314972408568,-0.007085434360225902,0.09903117094821297,0.0,0.0,0.025966135922583133,0.0028966842826010364,-0.05304968788515997,0.044444446,1.8544,0.5333667,0.051282052,1.7,0.0,0.0,0.0,1.3764706,0.57173336,2.0
-0.06139315511673315,-0.07249028160486898,-0.015224546375305497,0.003135166108438324,-6.327424894064793e-06,-0.027807950974792266,0.0,0.0,-0.0023715315141501782,-0.0003829547164886168,-0.003994126384977328,0.35555556,0.086,0.0052333334,0.6923077,1.1,1.3333334,0.0,0.0,1.8352941,0.0024333333,0.6666667
-0.06782435265179178,-0.08406858580962347,-0.012176382474719066,0.002540323980221355,0.0038224354572799326,0.014297889590665514,0.0,0.0,0.001215074007582074,-0.0010272904923064596,-0.03731750706014849,0.17777778,0.0,0.0076666665,0.51282054,0.2,0.6666667,0.0,0.0,1.7352941,0.0031,1.3333334
-0.060603275144467214,0.719718216504089,0.038952500177393656,0.0024037533419590806,-0.009811822301950145,0.025242001279566204,0.0,0.0,0.0026346796987896243,-0.03155783354388703,-0.007321532521623795,0.044444446,2.0,0.6588,1.1025641,2.0,0.6666667,0.0,0.0,1.4647058,2.0,1.3333334
-0.22803556713489898,0.025816411047581495,-0.036204959962496404,-0.006793240065437151,-0.0017439489419853985,0.009607992005385856,0.0,0.0,0.0011241153289083645,-0.0002135847063121088,0.06073257308117383,0.044444446,0.6026,0.0179,1.4102564,1.3,0.6666667,0.0,0.0,1.7529411,0.0134,0.0
0.44533431256849904,0.33447691376606614,-0.036226018380532576,0.009529828665539622,-0.0001756605024488822,-0.10246146880945345,0.0,0.0,0.006499009456729466,-0.016304036618519722,-0.07046718857809897,1.5555556,0.7904,0.04366667,0.5641026,1.3,1.3333334,0.0,0.0,1.6823529,0.0269,1.3333334
-0.09960540023953099,-0.07336270277418663,-0.019212432957264818,0.0032812626399838186,-0.0001406844904330018,0.014610001256731495,0.0,0.0,-0.002899922543513305,-0.0009884583652123766,-0.0022126498083281936,0.17777778,0.1274,0.0026,0.43589744,1.1,0.6666667,0.0,0.0,1.8411765,0.0509,0.6666667
-0.0738888417429737,-0.07909050953428037,-0.012498034157445392,-0.0012092789651116462,-0.00908693411960777,0.06279475841192395,0.0,0.0,0.005980038189944693,-0.00015940882146933677,-0.07337785883550778,0.22222222,0.0648,0.037733335,0.25641027,1.8,0.0,0.0,0.0,1.5470588,0.0108,2.0
-0.07851016557670554,-0.08817516139241076,-0.020166359201371747,-0.0011458846399956535,-0.0003509741711172844,0.013131077075140874,0.0,0.0,-0.003731442866276048,0.002519166922349279,-0.0040935299967969395,0.4,0.0,0.0052333334,1.1025641,1.2,0.6666667,0.0,0.0,1.882353,0.0024333333,0.6666667
-0.06200537908910359,-0.06929160674289964,-0.01229055806311791,-0.007347121645973661,-0.0005401060541315172,-0.06678278079624549,0.0,0.0,0.006361286960248391,-0.002629882339264754,0.03399062693094894,0.31111112,0.0,0.025066666,1.4615384,0.2,2.0,0.0,0.0,1.5294118,0.0067,0.0
-0.15213286510446028,0.054937753468585565,-0.03706791519995907,0.009894422986586547,0.002728771721547202,0.10528309296247812,0.0,0.0,0.06719996828078365,0.005872693100737334,-0.23563953240048222,0.22222222,0.6586,0.0072,0.33333334,0.8,0.0,0.0,0.0,0.5470588,0.06633333,2.0
-0.011682390001711345,-0.08372768025153646,-0.014816374263955292,0.003520650395870386,-0.0033438062836301536,-0.02678885152273577,0.0,0.0,-0.005694116670620038,-0.0003862595647270428,-0.03761663846515229,0.8,0.0012,0.0031333333,0.61538464,1.5,1.3333334,0.0,0.0,1.982353,0.0171,1.3333334
-0.21135361733905683,-0.1266637778803196,0.2675678786969551,-0.02036713345259527,-0.003628952975956716,0.019326034918159006,0.0,0.0,-0.024487286746033367,-0.006513796753805595,0.1359218743256384,0.22222222,0.0,2.0,1.1794872,0.1,0.6666667,0.0,0.0,1.8588235,0.009366667,0.0
-0.0530434651466366,0.7022328667515745,-0.008090433707578818,-0.0029238599295622787,0.000817688600059451,-0.04127379638795767,0.0,0.0,-0.003067703873232595,0.0005969553083313706,0.01384011273949587,0.17777778,2.0,0.06886667,1.0,1.8,1.3333334,0.0,0.0,1.9470588,0.0,0.6666667
-0.058248127184472996,-0.07750109871707751,-0.011978695802861273,3.146878545931542e-05,-0.005186224110660605,-0.025279229167283142,0.0,0.0,-0.0010432261782448082,0.0002703024294993358,-0.0016027537762424533,0.22222222,0.0,0.0018333333,1.0,1.7,1.3333334,0.0,0.0,1.8176471,0.009333333,0.6666667
-0.09029436528804112,-0.07468819149660388,-0.017423710332369002,-0.013286400835312576,0.004131960128364645,-0.030369252846800445,0.0,0.0,0.0065495206361360055,-0.0004620596561526191,0.03530723420551977,0.08888889,0.0,0.027566666,1.7692307,0.6,1.3333334,0.0,0.0,1.3647059,0.0053,0.0
-0.05573323719943922,-0.0811918438243346,-0.013033961908617825,0.0019958729666414467,0.0028598785621383,-0.02929283442653189,0.0,0.0,-0.004065550486788559,-0.0005403210882770348,-0.0015351019460582544,0.4,0.0,0.011666667,0.6666667,0.4,1.3333334,0.0,0.0,2.0,0.0033,0.6666667
-0.01931978031391779,0.54745883764536,0.002122441342129279,0.005209412462782185,0.004410891404976924,0.04530249655187819,0.0,0.0,-0.0032220541278995293,0.00028268318293545036,0.05326170488682116,0.62222224,1.3436,0.1724,0.7692308,0.2,0.6666667,0.0,0.0,1.8235294,0.1933,0.0
0.6083150297652496,-0.017891233986950868,-0.0156820182967119,0.006751605934060696,0.010046230581431982,-0.07550670186196602,0.0,0.0,0.004271573879985066,0.0007117411712230792,0.07095803432774812,1.8666667,0.1856,0.028766667,0.0,0.7,1.3333334,0.0,0.0,1.6705883,0.107366666,0.6666667
-0.12092178327812281,-0.0856604063302233,-0.024856637191795754,-0.006415651678604669,0.00161273527046244,0.013416733526520865,0.0,0.0,-0.004260141764572432,-0.0001496221172887502,0.04677635447940861,0.26666668,0.0,0.0068333335,1.2820513,0.9,0.6666667,0.0,0.0,1.882353,0.0134333335,0.0
-0.05120270803054904,-0.08121411763842615,-0.015559510471126407,0.0014733449373699817,-0.001305524884858854,-0.028132110277827936,0.0,0.0,-5.863521003671157e-05,-0.0016986361291465991,-0.0028362471717718303,0.44444445,0.0,0.022,0.7948718,1.4,1.3333334,0.0,0.0,1.7352941,0.67763335,0.6666667
-0.025107158030038934,-0.08682387133468969,-0.023225066887268202,0.003107596563164057,0.002817826836161219,-0.0464849773536132,0.0,0.0,0.0,0.0027992278208690668,-0.0075727860448559494,0.8,0.0,0.0067,0.71794873,0.4,1.3333334,0.0,0.0,1.6588235,0.030633334,0.6666667
-0.07209664318310706,-0.09395639774585167,-0.024814202504341965,-0.0006915416844072405,0.002283496251912196,0.013547767359340119,0.0,0.0,-0.0011661862440596501,0.0009501393483365983,-0.004510273428033787,0.5777778,0.0,0.029533334,1.0256411,0.7,0.6666667,0.0,0.0,1.7529411,0.0028666668,0.6666667
-0.12656287142274358,-0.08485423341812576,-0.02231206162013531,-0.005319228338633314,0.0034992908586654165,0.014944157664084733,0.0,0.0,-0.005670799207529833,-0.0007322257185037873,0.04652066179394912,0.22222222,0.0,0.0062,1.2564102,0.6,0.6666667,0.0,0.0,1.9117647,0.032866668,0.0
-0.15554153446618182,-0.11817638811563184,-0.04001035369974439,-0.02293000531738112,0.0036270805489836055,0.09762319333288455,0.0,0.0,-0.0017388663668257368,0.00209030218281131,0.06674655207938407,0.4,0.0,0.0060333335,1.6153846,0.8,0.0,0.0,0.0,1.7529411,0.011633334,0.0
-0.1708287570857819,-0.0486252998514416,-0.029990227570542257,-0.004336390253992489,0.0014198279922660944,0.015417581332713958,0.0,0.0,0.005835202388049694,-0.00019742206902609305,0.050984589483205126,0.044444446,0.2564,0.016766667,1.3333334,1.2,0.6666667,0.0,0.0,1.5,0.0134333335,0.0
-0.03654670813679989,-0.08184631150657186,-0.012441733663207066,0.0015132404048002507,0.0023080893348612643,-0.02285384284801234,0.0,0.0,0.0017695351642277874,7.054314481347301e-05,-0.03251069995202236,0.53333336,0.0,0.012033333,0.7948718,0.2,1.3333334,0.0,0.0,1.6235294,0.0057666665,1.3333334
0.14565987086956192,-0.11413310293563785,-0.02549923361369499,0.0005329345002778596,0.006150571235048413,-0.15039231550002138,0.0,0.0,0.002320973219906297,-0.006164868690878661,-0.020870476514264203,1.3333334,0.0,0.012466666,0.51282054,0.2,1.3333334,0.0,0.0,1.7235295,0.00076666666,0.6666667
-0.04069892958889914,-0.07597223579547273,-0.008536499143939532,-0.0001047715448181108,-0.004177082225113673,-0.02091965362791393,0.0,0.0,-0.002219130151526538,0.0010930830105912892,-0.029003600714252828,0.22222222,0.0,0.043833334,0.43589744,1.5,1.3333334,0.0,0.0,1.8470588,0.00093333336,1.3333334
-0.05201177520113738,-0.12247627540411597,-0.03185940053186593,-0.013835912479518674,0.004757844486853683,0.00132738858502629,0.0,0.0,-0.006719074247446412,-0.0009926029509381112,0.08287724746985489,0.75555557,0.0,0.053966668,1.3589743,0.3,0.6666667,0.0,0.0,1.8,0.027433334,0.0
0.0213272823933753,-0.0024094153158751262,-0.02627231631681994,-0.003068141735327018,-0.006328955504029504,-0.06058199040502454,0.0,0.0,-0.010910121470995253,-0.012615452574980776,-0.07875077444518003,0.93333334,0.5018,0.024333334,0.33333334,1.6,1.3333334,0.0,0.0,1.8647059,2.0,1.3333334
-0.05215121684199564,-0.051895543493962124,-0.04264984855775631,0.008735391609823477,0.02976901393147255,0.16481705354104215,0.0,0.0,0.01093258110070334,-0.0003575007295531299,-0.042037111420887716,0.7111111,0.1704,0.0383,0.17948718,0.5,0.0,0.0,0.0,1.6117647,0.0036666666,0.6666667
-0.04497567399175915,-0.09332380920368422,-0.014506029493210957,0.005554398693966706,0.00505541710125495,0.07212946697475246,0.0,0.0,0.0004793498543527418,-0.00020454407676606667,-0.11074042192921367,0.5777778,0.0,0.0082,0.102564104,0.2,0.0,0.0,0.0,1.6823529,0.0087,2.0
-0.1392970638820772,-0.07997461433670003,-0.021369823485301857,-0.00484070794359732,0.002450656140594113,0.014260713214009652,0.0,0.0,0.0006469111982391473,-0.0010201924940012044,0.048648866968752896,0.13333334,0.0428,0.038033333,1.2820513,0.6,0.6666667,0.0,0.0,1.7764705,0.0058,0.0
-0.009877972938208884,-0.049525399852041484,-0.020704499224015592,0.005245667388502619,-0.004037773704528014,-0.04347587213087951,0.0,0.0,0.002835531647112588,-0.002467876855857468,-0.058494290015121755,0.84444445,0.2936,0.035566665,0.23076923,1.1,1.3333334,0.0,0.0,1.7294117,0.009666666,1.3333334
-0.27443237562188094,-0.11027846457204053,0.236294227810331,-0.05786201101916189,-0.006579813773147381,0.026733661565081925,0.0,0.0,0.06980138542643058,0.001259545743269,0.1087210341597244,0.044444446,0.0,2.0,1.5641025,0.1,0.6666667,0.0,0.0,1.1,0.041166667,0.0
-0.05552849681660469,-0.08077646584887353,-0.013363949303932917,-0.0021806166076716142,0.002499744449121838,-0.028502616043104848,0.0,0.0,-0.0007405479458149734,0.000655850868882174,-0.0025994136122211727,0.4,0.0,0.018166667,1.2564102,0.7,1.3333334,0.0,0.0,1.7470589,0.0101,0.6666667
-0.16818084790405805,0.4985911129145083,0.03102081694861789,-0.001967855498774096,0.014195661354518597,-0.084973403617726,0.0,0.0,0.01961455728809421,0.006222081543324247,0.04090633732284485,0.0,1.4508,0.23116666,1.0769231,1.0,1.3333334,0.0,0.0,1.5411764,0.32296667,0.6666667
0.08862608257152864,0.04257494290775339,-0.03105820737493132,-0.0021366117513100247,0.00460197536121371,-0.12037062820442133,0.0,0.0,-0.01198573771358305,0.0,-0.1455953662406721,1.1555556,0.57,0.0411,0.17948718,1.1,1.3333334,0.0,0.0,1.917647,0.0279,1.3333334
-0.042737770068440976,-0.07642115183349374,-0.010115617762718595,0.002296737329754667,0.0007990632265396346,-0.020958053079726254,0.0,0.0,-0.002038577042809859,-0.00019697790989173236,-0.0311663791284731,0.31111112,0.0266,0.005133333,0.61538464,0.8,1.3333334,0.0,0.0,1.8176471,0.0027,1.3333334
-0.07677397224417731,-0.11859491098744823,-0.03807767729121563,-0.0027884521201578354,0.008324290244435529,-0.007344793338365422,0.0,0.0,0.0012686609905656267,0.0008033135448916318,0.07290085980260513,0.6666667,0.0,0.0077,0.94871795,0.2,0.6666667,0.0,0.0,1.7176471,0.0015333333,0.0
-0.055292088831104716,-0.07788650920705098,-0.009676211663277753,0.0020364993308837906,0.0023962242593624228,0.01163734767448348,0.0,0.0,-0.0003828116237847461,-0.00018464841938381493,-0.053186679774990385,0.17777778,0.0,0.0376,0.25641027,0.5,0.6666667,0.0,0.0,1.7588235,0.0194,2.0
0.23292514314022988,-0.11339675502588048,-0.03710334150248357,0.008391045098595276,-0.0048498596713696055,0.27710447305468905,0.0,0.0,-0.027362172056608593,0.0006620504942285721,0.030380732769351274,1.1111112,0.0,0.0238,0.15384616,1.2,0.0,0.0,0.0,1.9117647,0.0044,0.6666667
-0.04947732997023515,-0.08461493147157138,-0.018027315204909855,0.001966450063211776,0.004299199128668359,-0.030067522395580058,0.0,0.0,-0.001658247310251697,-0.0004801056692375072,-0.002474406807493053,0.53333336,0.0,0.004033333,0.5897436,0.2,1.3333334,0.0,0.0,1.8705882,0.065733336,0.6666667
-0.06808409185038726,-0.0825954954840821,-0.021152910869146155,-0.015706368086145273,0.001767003095200943,-0.039711191756939206,0.0,0.0,0.0028557012631023537,0.00028905473285797956,0.04185332201848865,0.4888889,0.0,0.0002,1.7179487,0.4,1.3333334,0.0,0.0,1.6470588,0.0113,0.0
-0.1216085544491843,-0.08764772246316978,-0.030871268135672144,-0.004650424463757309,0.003727369451927595,0.014519207259272675,0.0,0.0,-0.003140582595297679,0.0010217027492200048,0.04836779373362031,0.35555556,0.0134,0.0007,1.2564102,0.9,0.6666667,0.0,0.0,1.7941177,0.0022333334,0.0
0.013657041915651834,0.21313550607659584,-0.020226858911988454,-0.028347709203603456,0.012529076794314352,0.27221991358011394,0.0,0.0,-0.0067683077487159715,0.002342256465631465,0.18671840485914995,0.62222224,0.5962,0.0672,1.4102564,0.6,0.0,0.0,0.0,1.8235294,0.0396,0.0
-0.1644224840826818,0.02772982353428013,-0.028207015876701547,0.0006878847452456982,-0.006572485838731808,0.09616658366087945,0.0,0.0,-0.0077802118907819694,0.001625482421137998,-0.09891957204408636,0.17777778,0.6456,0.0634,0.51282054,1.5,0.0,0.0,0.0,1.7764705,0.0899,1.3333334
-0.031528195271907276,-0.09255076294668547,-0.016805010009845966,-0.00018995019493291167,0.004477787123621825,0.012566361965067056,0.0,0.0,0.0004438205902480563,-0.001311615155862484,-0.05561567664508124,0.75555557,0.0,0.021433333,1.0,0.3,0.6666667,0.0,0.0,1.7176471,0.010566667,1.3333334
0.04803951398467967,-0.14268846545299857,-0.04675215849522248,0.015452290622521448,-0.007258713141629956,0.17642773195419958,0.0,0.0,-0.014267919681466578,0.004786203501843099,-0.029076279392182987,0.93333334,0.0,0.0021333334,0.9230769,1.1,0.0,0.0,0.0,1.7882353,0.0123,0.6666667
-0.06557091476368256,-0.07788180116104639,-0.01149400575682919,3.3834557080753e-05,0.0022026143425680463,-0.025422117791330672,0.0,0.0,-0.0009095374272737663,-0.0006051414652362723,-0.0008911881734045468,0.17777778,0.0,0.030333333,0.974359,0.9,1.3333334,0.0,0.0,1.7882353,0.022833332,0.6666667
-0.06823026741945577,0.660282576456351,-0.014998410584336909,-0.017908065783977106,-0.001267513512257277,0.03232506505994348,0.0,0.0,0.0013002118415475097,-0.0019388287589810697,-0.000685476964726206,0.31111112,2.0,0.022166668,1.3076923,0.8,0.6666667,0.0,0.0,1.7411765,0.2121,0.0
0.3385236675025172,0.2661494880164605,-0.04634941352576704,-0.01042642324038696,-0.028389946157390693,0.1052118624187992,0.0,0.0,0.0026342619803060296,0.0037791807124871696,-0.1051743153743216,1.3333334,0.6746,0.0046,0.15384616,1.2,0.6666667,0.0,0.0,1.7705883,0.055366665,1.3333334
-0.05297188590253568,-0.08475679414154275,-0.014171207785352276,0.001721896132627421,-0.0036633650527884047,0.013002011912756278,0.0,0.0,-0.0014822795987050556,0.00042207059469520636,-0.03863705495535556,0.4,0.0,0.017333332,0.33333334,1.6,0.6666667,0.0,0.0,1.8235294,0.0072333333,1.3333334
-0.058243240666515005,0.6868500020513569,-0.014022128674939629,-0.006820835313310622,0.0037111690576214374,-0.035126488837476426,0.0,0.0,0.003952212110712199,-0.0011224863747413272,0.007392539484604331,0.08888889,2.0,0.004333333,1.051282,1.8,1.3333334,0.0,0.0,1.2882353,0.09143333,0.6666667
0.1802380247720976,0.28281529953699025,0.004145053267283514,-0.006898699274053732,0.006353749959229004,-0.11042344362176355,0.0,0.0,0.006737090538470323,0.00940024029017251,0.10060126596141532,1.1111112,0.887,0.11863333,1.1538461,0.5,1.3333334,0.0,0.0,1.6764706,0.09263334,0.0
-0.0513398403042096,-0.08737566317940702,-0.027836791605370538,0.001128733417719642,0.0019987847836059535,-0.06886635046887866,0.0,0.0,-0.00250045694096638,0.001073399549491122,0.053537919331549964,0.6666667,0.0,0.0172,0.8974359,0.8,1.3333334,0.0,0.0,1.7823529,0.0025666666,0.0
0.18462962954418025,-0.10974583793481552,-0.016146798712579565,-0.008538202372568067,-0.01242769231254384,0.019575313060645184,0.0,0.0,-0.021014790757127668,-0.0011754878768510946,-0.20822726810789352,1.4666667,0.0,0.066633336,0.102564104,1.3,0.6666667,0.0,0.0,2.0,0.03313333,1.3333334
-0.03645458997809902,-0.06926610933683991,-0.01067611081053857,0.002021944564498349,0.0019333154009090261,-0.04345207492053473,0.0,0.0,0.001960966383880796,0.0013549753939951226,-0.027961371056569713,0.31111112,0.0,0.010233333,0.3846154,0.4,2.0,0.0,0.0,1.6352941,0.0060666665,1.3333334
-0.041245164359619446,-0.07902497817285767,-0.010493233770724102,0.001971123526538371,0.0031071283196166515,-0.02170308695257935,0.0,0.0,-0.003901916973133648,-2.438990572120603e-05,-0.029224230135331507,0.35555556,0.0,0.016666668,0.82051283,0.2,1.3333334,0.0,0.0,1.917647,0.0055,1.3333334
-0.18682480160815326,-0.08476631818186287,-0.03250922365416637,-0.01035309789523411,-0.005029419474939386,0.08362504119259755,0.0,0.0,-0.006351327831877148,0.0035687931425725516,0.05927010044654579,0.17777778,0.0368,0.026533334,1.3589743,1.6,0.0,0.0,0.0,1.9058824,0.051266667,0.0
-0.030484705602095274,-0.08594116521009576,-0.019147939718963346,0.004737330398595678,0.004564030963539794,-0.039511662936806885,0.0,0.0,-0.007494566067116119,-0.0011447008147487392,-0.006091105590006742,0.75555557,0.0,0.009966667,0.64102566,0.4,1.3333334,0.0,0.0,1.882353,0.0013333333,0.6666667
0.33775705349426155,-0.11730919966297602,0.02120784865121322,0.018522849020833333,0.026665398324803465,0.26120470976236676,0.0,0.0,0.00026585831593883835,-0.0030048810011198248,-0.15350434263826088,1.3777778,0.0,0.15583333,0.61538464,0.6,0.0,0.0,0.0,1.7529411,0.010766666,1.3333334
-0.030335312524624014,-0.08468499458211652,-0.022006839038203243,0.0022693781048156304,-0.0038406690759673215,0.01221323867901544,0.0,0.0,-0.0007430175838654669,0.0002379936191286569,-0.05362336682564037,0.75555557,0.0678,0.0156,0.25641027,1.3,0.6666667,0.0,0.0,1.7823529,0.0023666667,1.3333334
-0.07804428315026075,-0.0756880134351146,-0.01825309779558254,-0.00028049772709989873,-0.004904655205294167,-0.03641960607645853,0.0,0.0,-0.0028036240069948945,-0.0014259348984494906,0.03730908421701859,0.35555556,0.037,0.025533333,1.1025641,1.7,1.3333334,0.0,0.0,1.8529412,0.0102,0.0
-0.0726863707780226,0.6491872781085438,-0.013567222371393274,-0.016905225103284034,0.005207828239701904,0.029308831994049475,0.0,0.0,-0.002037441322184175,-0.0009271270236185264,0.0005327092324050042,0.26666668,2.0,0.0638,1.3333334,0.6,0.6666667,0.0,0.0,1.5411764,0.06846666,0.0
0.36325562034091113,-0.03269137207628825,-0.018064613977577665,0.008398831948584075,0.007491685483501751,-0.10015233565663309,0.0,0.0,-0.00634411189095778,0.0036777120059076074,0.19810716386002888,1.4222223,0.1318,0.0417,0.4871795,0.6,1.3333334,0.0,0.0,1.8117647,0.0109,0.0
-0.01261557012128892,-0.08944631200129205,-0.026437005994561634,-0.00023956690865656327,0.004091665014305005,-0.04951366258357436,0.0,0.0,-0.0013734954972230498,-0.0003441056842313254,-0.0045573624550071645,0.8888889,0.0,0.0116,0.974359,0.7,1.3333334,0.0,0.0,1.7294117,0.0112,0.6666667
-0.15206219686627132,-0.045078690137241674,-0.032915050748531204,-0.005951746923281294,-0.007606211668509317,0.013312812454641996,0.0,0.0,-0.0059678034470642335,0.0019507698716355049,0.05415062793123458,0.17777778,0.286,0.0015,1.2564102,1.8,0.6666667,0.0,0.0,1.982353,0.0031666667,0.0
0.27103948871064426,-0.07814149918351884,0.4485594180323128,0.01789712249986724,-0.0037128852869681033,-0.08357913326122988,0.0,0.0,-0.0006883521493410427,-0.0012680610511843526,0.04073255643774066,1.1111112,0.0,2.0,0.43589744,0.1,1.3333334,0.0,0.0,1.7705883,0.0064,0.6666667
-0.05400165784861608,-0.07026965195399061,-0.01686080490319943,-0.0016547711254334494,-0.0023337599649202027,-0.030136097046010533,0.0,0.0,-0.0041055056661869985,0.001459972206186183,-0.0026271740008395124,0.4888889,0.1236,0.0005,1.2051282,1.4,1.3333334,0.0,0.0,1.9647058,0.00073333335,0.6666667
-0.06089439437342707,0.680249246368561,-0.013951627781827215,-0.005418917394945837,0.004503071923361188,-0.042225834311707434,0.0,0.0,0.004929255543758533,0.0009598287809458039,0.007511331600445659,0.13333334,2.0,0.026533334,1.0,1.0,1.3333334,0.0,0.0,1.2294117,0.1433,0.6666667
-0.024758748781501614,-0.043697379192955806,-0.023235022667433325,-0.0068824423400342125,-0.00369742574386355,-0.1435877551510661,0.0,0.0,0.004226425948998449,0.0015039172387762978,0.05993972062158433,0.7111111,0.192,0.013033333,1.2307693,1.3,2.0,0.0,0.0,1.5529412,0.0101,0.0
0.057864070486852895,-0.10816227828480604,-0.03902212048406265,0.0097231467210351,0.01397208147227497,-0.14413442303618582,0.0,0.0,-0.017174515135121676,-0.00037035196586532315,0.08935280319630429,1.0666667,0.0,0.010633334,0.7692308,0.4,1.3333334,0.0,0.0,1.8647059,0.6087,0.0
-0.0847578941300223,-0.0886561146791501,-0.021680039422000127,-0.0030865772902802305,0.004884764561246213,0.015562679939559924,0.0,0.0,0.0005997918550357283,-0.0003093026195570836,-0.003078721681508399,0.4,0.0,0.0011333333,1.1538461,0.4,0.6666667,0.0,0.0,1.6529412,0.0159,0.6666667
-0.06862645457275517,-0.049884068361142175,-0.01799735612385158,0.0029368801792797137,-0.007587777263048501,-0.03258220424586012,0.0,0.0,-0.005619679550744214,0.001468318221378273,-0.002624275940714437,0.4,0.3036,0.071833335,0.61538464,1.6,1.3333334,0.0,0.0,1.9411764,0.0253,0.6666667
-0.0656942909748386,-0.08146999534824693,-0.010776060719004598,-0.0034043649064169255,0.0025965191357649017,0.01230389090650049,0.0,0.0,0.00033234990977265566,-0.0014556620627278216,-0.03297102527316988,0.08888889,0.0,0.021133333,1.3846154,0.2,0.6666667,0.0,0.0,1.7117647,0.0333,1.3333334
-0.11016533622366606,-0.03192410043200428,-0.027970629760851663,-0.004771861785213364,-0.004613996547003518,-0.04503855478157932,0.0,0.0,-0.004027541736060317,-0.00018994572670674725,0.048331032327924246,0.26666668,0.3644,0.001,1.1538461,1.6,1.3333334,0.0,0.0,1.8941176,0.007333333,0.0
-0.06918725669722804,-0.09196174001874123,-0.02445206758742733,0.00039042406653694295,-0.0011101282747982444,0.0146469786667552,0.0,0.0,-0.005915197194464355,0.0010629407995773376,-0.0039715924605817,0.53333336,0.0,0.0079666665,0.7692308,1.3,0.6666667,0.0,0.0,1.9529412,0.026766667,0.6666667
0.5831488017105378,-0.06636303872944993,-0.029288016981830107,0.006040973549130834,0.007004913263484056,-0.08011198172174097,0.0,0.0,0.0014059554987713163,0.004905056163554476,0.09563101663880946,2.0,0.0,0.00053333334,0.84615386,1.1,1.3333334,0.0,0.0,1.6470588,0.0033333334,0.0
0.003055707185118648,-0.06718308486560791,-0.022266168624088315,0.0025100526001419245,-2.8028807800145605e-05,-0.04038074759113983,0.0,0.0,-0.004274323491032951,0.0014224697041558757,-0.05336119091993584,0.93333334,0.1866,0.0065666665,0.7692308,1.3,1.3333334,0.0,0.0,1.8470588,0.06786667,1.3333334
-0.07466040659405102,-0.08827972239914185,-0.027826613378779095,0.00043828994803815635,-0.0034829920868316108,0.015319858042277286,0.0,0.0,0.0006009474725391271,0.0015450095506253812,-0.004157627465755137,0.4888889,0.0,0.0046666665,0.2820513,1.5,0.6666667,0.0,0.0,1.6470588,0.018166667,0.6666667
-0.20777621944062125,0.07820914554951952,-0.018729924960003665,0.001373690738372929,0.004011050088503914,-0.09116952355510037,0.0,0.0,0.05265730417272585,0.00566210691641079,0.0033391710369596738,0.0,0.8032,0.138,0.94871795,0.5,1.3333334,0.0,0.0,0.63529414,0.1175,0.6666667
0.05860995094291723,-0.02220899748173123,-0.03134992096294626,0.00024032026374115611,0.006954131631526722,-0.2558049643855854,0.0,0.0,0.011353060345893166,-0.0037629470948515936,0.08386808593926517,1.0222223,0.2432,0.0073,0.9230769,0.4,2.0,0.0,0.0,1.4470588,0.0706,0.0
-0.06872648501026282,-0.08501837890702893,-0.0038642918491415975,0.002887246808558147,0.002600686433447807,0.012361024387910525,0.0,0.0,-0.0022908613797018077,-0.0008391278782916012,-0.037647819044254016,0.17777778,0.0,0.1821,0.6666667,0.5,0.6666667,0.0,0.0,1.8058823,0.18743333,1.3333334
-0.06053672053646778,-0.052331505333586846,-0.011364890730070422,-4.423096415159811e-05,-0.005646549942607843,0.010783975395465595,0.0,0.0,-0.002180882744141874,0.0007359477921071312,-0.059952089048415945,0.22222222,0.2742,0.039766666,1.1538461,1.6,0.6666667,0.0,0.0,1.8411765,0.0222,2.0
-0.03140286289777509,-0.0729488944742794,0.0055279459360876694,-0.00043744861100393376,0.005389002250251782,-0.04143637579467707,0.0,0.0,-0.0033613753928047273,-0.000490681872524823,-0.041378216776635016,0.4,0.0,0.38646665,0.23076923,0.4,2.0,0.0,0.0,1.6117647,0.34106666,2.0
-0.05880942413520532,-0.07980469411489738,-0.013262544001496788,0.0008586555517336939,0.0015431425976701108,-0.02833772836508535,0.0,0.0,-0.001570892307322759,0.00020753159847128333,-0.0013617310701546299,0.31111112,0.0,0.0030666667,0.8717949,0.7,1.3333334,0.0,0.0,1.8529412,0.0098,0.6666667
0.1515237455597744,-0.1107248493016048,0.389439278139076,0.02067896174261308,-0.000664735887202117,-0.11175442919950995,0.0,0.0,-0.005749999280008146,-0.000513927307881734,0.030800326187301778,0.93333334,0.0,2.0,0.53846157,0.1,1.3333334,0.0,0.0,1.7647059,0.0027333333,0.6666667
-0.04032689585077138,-0.057535272076836966,-0.012734727307992036,-0.00023440162080368143,-0.004283249727757189,-0.0411095558677593,0.0,0.0,-0.00169974660939409,0.0017979804846632666,-0.024413345586607585,0.0,0.0,0.0132,0.07692308,1.4,2.0,0.0,0.0,1.8352941,0.071833335,1.3333334
0.6030654704042426,0.033027696695971304,-0.02091662894911576,-0.0010680346373771465,-0.008260826237513112,-0.06648330438165062,0.0,0.0,0.005427710065988707,0.0028613519365846426,0.04707366713589041,1.8666667,0.3782,0.0031,0.8974359,1.6,1.3333334,0.0,0.0,1.6647059,0.009666666,0.6666667
0.6251624081985522,0.04527588016837201,-0.022385221450703343,0.013159568417254245,-0.007266225352558969,-0.06665795887930459,0.0,0.0,-0.001873804129475909,0.007064478770313283,0.05109499596296597,1.9111111,0.4276,0.0041333335,0.025641026,1.3,1.3333334,0.0,0.0,1.6882353,0.0038,0.6666667
-0.12558871472644376,-0.08128175340217299,-0.022005497454050112,-0.01565643148273198,0.003695211087947244,0.014986000490026696,0.0,0.0,-0.002419919621515637,0.002657893372656242,0.04509430151735036,0.08888889,0.0,0.007866667,1.7692307,0.2,0.6666667,0.0,0.0,1.6705883,0.0052333334,0.0
-0.04522671869544849,-0.0725779302991124,-0.011413415621427775,0.002051851375284821,-0.0002403438018001025,-0.04718986291648617,0.0,0.0,0.0371711949729131,-0.0004191810429080026,-0.04269401497099311,0.26666668,0.0,0.0,0.20512821,1.2,2.0,0.0,0.0,0.0,0.0,2.0
0.11851667037897884,-0.06509798167133293,-0.020778081180093673,0.003643751011152239,0.01759997890721606,0.017061703192512507,0.0,0.0,-0.00299231669829339,0.00038647304060809157,-0.022167530320079218,1.1111112,0.1192,0.08003333,0.33333334,0.6,0.6666667,0.0,0.0,1.7235295,0.0054666665,0.6666667
0.0208378969785072,-0.11869562092467531,-0.03809678260101887,-0.051039881855392565,0.0036991217475576266,0.20324972375529995,0.0,0.0,-0.03541815891019531,0.003215992544592705,0.1552063534087888,0.7111111,0.0,0.0054,1.4871795,0.3,0.0,0.0,0.0,1.9352942,0.0023666667,0.0
-0.08244322119553738,-0.08599889950361725,-0.013823784314993363,-0.0028278320322341725,0.008718556205233395,0.057801326207082865,0.0,0.0,0.01483059721566681,-0.0023001079019891457,-0.07449350911715978,0.17777778,0.0,0.0132,0.3846154,0.9,0.0,0.0,0.0,1.1117647,0.0397,2.0
-0.05960791744629538,-0.07999827861956975,-0.012880738708470391,0.00020640221054943342,0.002788506917800916,-0.027190481185395788,0.0,0.0,-0.0009252305947409046,-0.00021556782789168512,-0.0027142398840358044,0.31111112,0.0,0.008666666,0.94871795,0.7,1.3333334,0.0,0.0,1.7588235,0.018,0.6666667
-0.07430028464519785,0.5626739465738018,-0.013665886377052999,-0.04272856159709145,-0.001030140396983243,-0.1283766254847259,0.0,0.0,0.02297857634584426,0.004071001520811914,8.768584245494315e-05,0.044444446,2.0,0.040666666,1.5897436,1.5,2.0,0.0,0.0,0.63529414,0.051933333,0.0
-0.06490437011383281,-0.07606877072129818,-0.0345967084556232,0.002636896119083867,0.0005815598768030283,0.012066880883820796,0.0,0.0,-0.009070157260462506,-0.0006795895243245387,-0.010145885061385763,0.6666667,0.1224,0.006366667,0.5641026,1.1,0.6666667,0.0,0.0,2.0,0.0014666667,0.6666667
-0.08896681575673472,-0.08748178687908198,-0.01456847125253869,-0.003538501267818602,0.0021072593054598967,0.013989804469157213,0.0,0.0,0.00011916942248679785,0.001111468963842782,-0.0033013978089995216,0.31111112,0.0,0.078933336,1.2564102,0.8,0.6666667,0.0,0.0,1.7882353,0.0026666666,0.6666667
0.019345140453911766,0.6153378890112163,0.0041561193379993375,-0.004547789828104644,0.00465988951972612,-0.13135357443106493,0.0,0.0,-0.00039063267077543706,0.0060993299608233095,0.0016126147201220161,0.93333334,2.0,0.22566667,0.974359,1.3,2.0,0.0,0.0,1.6117647,0.0032,0.0
0.37492831965644513,0.4640886867983616,-0.006800412291373188,-0.004043138529708612,-0.010833585829026852,0.0425559443679346,0.0,0.0,-0.017396762129116932,-0.012971370293691869,-0.08258170144760736,1.4222223,1.172,0.041166667,0.12820514,1.4,0.6666667,0.0,0.0,2.0,0.018966667,1.3333334
-0.07766008831353767,-0.07928254349860682,-0.01402998854852012,0.0007791934050190121,0.0023428714873792527,-0.029509362734170624,0.0,0.0,0.017230666235252146,0.00046394966934668047,-0.0008727777915797437,0.08888889,0.0,0.0,0.7692308,0.3,1.3333334,0.0,0.0,0.9529412,0.0,0.6666667
-0.03373889706651261,-0.10232433491325177,-0.03927522987094735,0.0018041365399107392,0.0027529356105447786,0.005960905731362579,0.0,0.0,0.006121941455081425,0.002531092407037222,-0.02083491389989128,0.84444445,0.047,0.011333333,0.9230769,0.8,0.6666667,0.0,0.0,1.6058824,0.016466666,0.6666667
-0.0798626111087747,-0.10322805158666239,-0.03862007758787217,-0.008383259842147125,0.0031770767371747666,-0.005297404041416807,0.0,0.0,-0.006695221717465862,-0.0009057719951443553,0.07125448218142472,0.6666667,0.0464,0.008933334,1.4102564,0.8,0.6666667,0.0,0.0,1.9058824,0.0016666667,0.0
-0.0662258555121146,-0.07964194940800269,-0.011180313020650905,-0.004008215284571642,-0.0047448618619545,0.053025463828558966,0.0,0.0,0.0029689788671805606,-0.002965384349013945,-0.06776541605201536,0.13333334,0.0,0.017833333,1.3076923,1.5,0.0,0.0,0.0,1.7529411,0.016,2.0
-0.13872398682718484,-0.057016833191573635,-0.04828239243812196,-0.029147203175167585,-0.018707373892806328,0.12924670085052653,0.0,0.0,-0.010930485042067749,-0.0010171867083550445,0.09519208964826627,0.44444445,0.176,0.0031333333,1.5897436,1.6,0.0,0.0,0.0,1.7588235,0.0047,0.0
0.10410486722166334,-0.10967913894804561,-0.04370784959198721,-0.021208603822083946,0.011185103198691022,0.041226053056614906,0.0,0.0,-0.02459128074164001,0.002193370180155224,0.1565963606639948,0.9777778,0.0,0.0078,1.2307693,0.5,0.6666667,0.0,0.0,1.9294118,0.022166668,0.0
0.0001137811552850837,-0.12030454799214148,-0.04029140511575314,-0.023083535174650453,0.009481832132236289,0.005757305067133633,0.0,0.0,0.005300356245907549,-0.008935531575911823,0.09795010213796516,0.84444445,0.0,0.008533333,1.3589743,0.2,0.6666667,0.0,0.0,1.6764706,0.5898333,0.0
0.06773105157077393,-0.10055024085899536,-0.02919815361091795,0.003450679815094215,0.004901398976744306,-0.10999014914590312,0.0,0.0,0.0005539610806418738,-0.0028468090142312738,-0.012952929269051052,1.1555556,0.0,0.0312,0.5897436,0.8,1.3333334,0.0,0.0,1.7176471,0.025966667,0.6666667
0.26010688627118805,-0.09155061234491421,-0.028912151659810505,-0.014865380550856157,0.011561768970040907,0.07291385801059357,0.0,0.0,-0.013987938202359732,-0.003653809653222151,0.21632794879032285,1.1555556,0.0,0.01,1.1538461,0.2,0.6666667,0.0,0.0,1.8705882,0.034566667,0.0
-0.003135510738060658,-0.05211982417814465,-0.020081292185904657,0.0010420569692194404,-0.004507638866346931,-0.038336694689195726,0.0,0.0,-0.010450545347379561,0.0016383771446421658,-0.054548278001654384,0.8888889,0.2648,0.011433333,0.7692308,1.6,1.3333334,0.0,0.0,1.9529412,0.012466666,1.3333334
-0.08899055099279658,-0.08573007648293965,-0.018428262274046835,0.002500137505876131,0.0018854266846402516,0.013256561885345297,0.0,0.0,-0.001408148518794958,0.00013494245004094796,-0.003750149585547354,0.31111112,0.0122,0.0020333333,0.6666667,0.6,0.6666667,0.0,0.0,1.8058823,0.0151,0.6666667
0.2929414976264215,-0.05370714689791898,0.350389725912244,-0.012049825568190543,-0.002714646244428409,0.05802088605118012,0.0,0.0,-0.02951312261869522,-0.024081266912482614,0.14529198430458123,1.2,0.0,2.0,1.1282052,0.1,0.6666667,0.0,0.0,1.8941176,0.0037666666,0.0
0.04086703171868515,0.6790121037979028,0.009113384798416578,0.011319984675509305,-0.0050150313339734675,-0.05091448337943807,0.0,0.0,-0.0014993973483964362,0.0,-0.0020137721037230463,1.0666667,2.0,0.25726667,0.4871795,1.6,1.3333334,0.0,0.0,1.6882353,0.048633333,0.6666667
-0.062415768197842926,-0.0775021420325801,-0.01247734283055606,0.000540127674658971,-0.005258426690938098,-0.022962156681531995,0.0,0.0,0.00021064905707485204,0.0008836686758294817,-0.0015566809782377913,0.08888889,0.0,0.018633334,0.94871795,1.8,1.3333334,0.0,0.0,1.7058823,0.010433333,0.6666667
-0.0950360212611083,-0.08726127798281218,-0.017025195210356427,0.0012846708264154128,0.00030546235285969225,0.015128606654905829,0.0,0.0,0.0019943015782701496,0.0006972299517836001,-0.0006245701703288271,0.044444446,0.0,0.0,0.64102566,1.2,0.6666667,0.0,0.0,1.6411765,0.0,0.6666667
-0.03903238962335688,-0.08809693665414152,-0.027237713710491246,-0.01622759867111744,0.005485229890210477,-0.07240622813832683,0.0,0.0,0.0012650271491714685,0.0008383286297836967,0.05557998602729082,0.7111111,0.0,0.012166667,1.6153846,0.2,1.3333334,0.0,0.0,1.617647,0.019133333,0.0
-0.10782454397417167,-0.02750539413725284,-0.031965542397719315,0.001292719894774641,-0.006027204944634873,0.0859996788581255,0.0,0.0,-0.005713340520399618,-0.0006849050198509955,-0.08793719440998687,0.35555556,0.3906,0.0062,0.20512821,1.3,0.0,0.0,0.0,1.8764706,0.022366667,1.3333334
-0.08634589318573575,-0.07756049753883897,-0.016848816502213905,-0.004189023650632986,0.002171487839875867,-0.03545087233810465,0.0,0.0,-0.00011000225288698706,-0.0021330947778584386,0.03993664256014182,0.26666668,0.0,0.0061333333,1.2307693,0.9,1.3333334,0.0,0.0,1.8,0.0023666667,0.0
-0.11818122236833725,-0.0852580091765486,-0.02306484007304733,-0.014458474853729666,0.0034595651457538248,0.012410969553265674,0.0,0.0,-0.0013059321445858612,0.0010160077346165475,0.04491159786473988,0.26666668,0.0,0.0012666667,1.6666666,0.7,0.6666667,0.0,0.0,1.7823529,0.0051,0.0
0.1737704763526433,-0.09936280561804164,-0.030934823708591082,0.0027802868112191442,0.004156471563641779,-0.10391868082542127,0.0,0.0,0.0015155533008135475,0.0011738949419636546,-0.12856295390117292,1.5111111,0.0,0.0055,0.5897436,1.0,1.3333334,0.0,0.0,1.7,0.013333334,1.3333334
-0.09081602352364326,-0.0914266936900229,-0.014745015084028795,-0.005965199460067128,0.0011688412558533028,0.06216644946816003,0.0,0.0,0.002187086462403661,0.0007539754365310236,-0.04385738445652807,0.22222222,0.0,0.011133334,1.4615384,0.3,0.0,0.0,0.0,1.7058823,0.014266667,1.3333334
-0.1548453351727873,-0.11476563758089837,-0.041773211959841815,-0.015357782438990676,-0.003904131866755072,0.09444486719557069,0.0,0.0,-0.00336163144802542,0.003351928931447423,0.06717738863681189,0.4,0.008,0.0010666667,1.5641025,1.5,0.0,0.0,0.0,1.7529411,0.009966667,0.0
0.12183759065029323,-0.1133274164262563,-0.031538973652072574,0.0034683706175387824,0.023101327347260395,-0.14063554290512364,0.0,0.0,0.004301096634548168,-0.010704315665302779,-0.026947889565081866,1.2888889,0.0,1e-04,0.53846157,0.2,1.3333334,0.0,0.0,1.7176471,0.0057666665,0.6666667
0.2503464103117591,-0.08589744017997317,0.447999915504991,0.003754263755723075,-0.014440616221321924,-0.08222912330190647,0.0,0.0,-0.016279906167284055,0.010635238625391874,0.059149540774062065,1.1111112,0.0,2.0,0.84615386,0.1,1.3333334,0.0,0.0,1.7823529,0.0025,0.6666667
-0.15469923751576453,0.07426077214058342,-0.04181886308135388,-0.018895556992289054,-0.01644109260470269,0.006384417875147219,0.0,0.0,-0.012009751675452178,0.0012593049830912917,0.09939284297787727,0.35555556,0.6244,0.010333333,1.6153846,1.4,0.6666667,0.0,0.0,1.7882353,0.0096,0.0
0.18062113910051553,-0.08025193875377565,-0.03275734548037816,0.006860809141513328,0.014180833131248908,-0.1345716829805433,0.0,0.0,0.003046870859808215,0.001956933359568147,0.14145508228787662,1.2,0.0456,0.020033333,0.8974359,0.7,1.3333334,0.0,0.0,1.6823529,0.0105,0.0
-0.04536488306652501,-0.09169750782441806,-0.011535780322899362,0.00198328146030292,0.003811149051777665,0.07131138652608891,0.0,0.0,0.0011018579060786602,-0.00062060992939178,-0.10952057721546964,0.5777778,0.0,0.06503333,0.102564104,0.7,0.0,0.0,0.0,1.7235295,0.0159,2.0
-0.04844671078075179,-0.08270691161427961,0.025932998286127173,0.0003107121238049293,-0.0014925256569702182,-0.022619771387204536,0.0,0.0,0.000516514739392631,0.002213506231519741,-0.05424586665694982,0.26666668,0.0,0.8007333,0.30769232,1.4,1.3333334,0.0,0.0,1.7470589,0.006966667,2.0
-0.10184465470651208,-0.08837571366546366,-0.014372320132601904,0.0021196511381681438,0.00482511994308397,0.07408565576438424,0.0,0.0,0.048688121107900884,-0.0054227513396788805,-0.1002336049596592,0.13333334,0.0,0.0,0.025641026,0.0,0.0,0.0,0.0,0.0,0.0,2.0
-0.051512472533001105,-0.07320330151571301,-0.016058701514185827,-0.005005260754757615,0.0033452752484879923,-0.07941582060473044,0.0,0.0,0.0031875104407968202,-0.001291157330238875,0.039425505929317796,0.4888889,0.0,0.0038333333,1.3589743,0.6,2.0,0.0,0.0,1.5235294,0.0225,0.0
-0.113345145087424,-0.08909327907319899,-0.024789340782038125,-0.015277512843443725,0.0024080438666759687,0.013275080870430283,0.0,0.0,-0.0003521430565104622,-0.0007078391536719971,0.047556986478160125,0.35555556,0.0,0.0097,1.5897436,0.2,0.6666667,0.0,0.0,1.8176471,0.0307,0.0
-0.1346186300924848,-0.08555645752424812,-0.01833592722969151,-0.00756238672328735,0.003912863387076255,0.01232414279000157,0.0,0.0,0.0007514810773526781,0.001400857582598676,0.047178622403976335,0.13333334,0.0,0.0501,1.2820513,0.3,0.6666667,0.0,0.0,1.7588235,0.0064333333,0.0
0.14247040135224615,-0.05675219653654499,-0.03153905914450138,0.0013780358357260714,0.008823837418889561,0.02328981682019717,0.0,0.0,0.0,0.00681948263979493,-0.2739153475218895,1.3333334,0.2128,0.0025666666,0.102564104,0.3,0.6666667,0.0,0.0,1.6058824,0.00026666667,2.0
-0.05898311988512437,-0.0645366267926538,-0.01485315018958456,0.0013466170478489692,-0.0011209110056119543,0.01265122712454398,0.0,0.0,-0.0014240003980530754,0.0028225415375774925,-0.05644121386143797,0.13333334,0.1492,0.0070666666,0.2820513,1.2,0.6666667,0.0,0.0,1.7529411,0.0138,2.0
-0.062218237799527266,-0.07985552968644871,-0.010993305666195205,0.00015860147772861488,0.0027089747036332136,-0.027382228907398568,0.0,0.0,0.0002671520904249748,-0.0006194726732045323,-0.002603374767048921,0.31111112,0.0,0.0501,0.94871795,0.3,1.3333334,0.0,0.0,1.7117647,0.012633333,0.6666667
-0.04227178947619602,-0.07896478469691161,-0.010121459891133916,0.0022808087002852617,0.0023111756257945147,-0.021246650296079275,0.0,0.0,-0.00014867409644209864,-0.0006778222208581319,-0.03169955352012941,0.31111112,0.0,0.029166667,0.5641026,0.7,1.3333334,0.0,0.0,1.7352941,0.029666666,1.3333334
-0.034744587667074625,-0.03864466095695414,-0.016786668607017736,0.0035485076191398117,-0.00020781703428648934,-0.059494331499280045,0.0,0.0,0.001076323931783132,0.0013422863943871144,-0.03662542820082385,0.4888889,0.368,0.0097,0.2820513,1.4,2.0,0.0,0.0,1.5764706,0.011033333,1.3333334
-0.11619830066524826,-0.09967980959238468,-0.03493309524792688,-0.000532450756970594,0.003858250537097987,0.01200142620781187,0.0,0.0,0.0009553094071073752,0.00033499152106766794,0.05459078546806347,0.44444445,0.0,0.0024666667,1.0256411,0.6,0.6666667,0.0,0.0,1.6882353,0.014766667,0.0
0.02384332830810594,-0.08677586579543606,0.4456944694957363,0.0031543966286652282,-0.008618464102487441,0.07478527855493838,0.0,0.0,-0.005393777709660409,0.0017440468270756293,0.21200840673739946,0.62222224,0.0,2.0,0.9230769,0.1,0.6666667,0.0,0.0,1.7529411,0.0151,0.0
-0.03597146503746654,-0.07844094411633233,-0.011579702066574382,-0.00080682286251737,0.0015695915330290044,-0.02324586111778513,0.0,0.0,4.856312232506821e-05,-0.00045810861906311635,-0.03165279859960312,0.53333336,0.0356,0.0029666666,1.1538461,0.8,1.3333334,0.0,0.0,1.6941177,0.0049,1.3333334
-0.06796544520513732,-0.08858003156030587,-0.033252858587240454,0.0005610376509580794,0.0035963833523662402,0.013211326240536243,0.0,0.0,-0.0016959439697490882,-0.0008124594463278811,-0.005474224275315229,0.62222224,0.0488,0.0078,0.102564104,0.8,0.6666667,0.0,0.0,1.8470588,0.008333334,0.6666667
0.18127435516589616,0.11908247986320775,-0.029167393530372416,-0.015132035549790132,0.0007471515981227616,-0.11845271976356168,0.0,0.0,0.0006125580981485856,-0.0026782963933041698,0.16172720330646936,1.0666667,0.4886,0.0226,1.3846154,1.1,1.3333334,0.0,0.0,1.6411765,0.027966667,0.0
0.03652232319612802,0.4633243339276772,-0.021173125010808792,0.001778558149674727,0.020754856920593402,0.14461838613240174,0.0,0.0,-0.004152597563537808,0.00805287353174702,0.06640846515744041,0.84444445,1.7052,0.021833334,0.8717949,1.0,0.0,0.0,0.0,1.8882353,0.13696666,0.0
0.0220321562937365,0.6232487745687467,-0.0003577331226216618,0.004378232041926988,-0.001602904120849664,-0.055923059245643246,0.0,0.0,0.0010173938071950499,-0.00148702672361962,0.015448651384797068,0.75555557,1.4696,0.11536667,0.82051283,1.6,1.3333334,0.0,0.0,1.6470588,0.092,0.6666667
0.28898443627733233,0.3106141339732034,-0.008056073609411017,-0.0036605379093888057,0.011949640360193154,-0.08713970713590885,0.0,0.0,-0.01152890819156888,-0.02382608863161167,0.04637866362625549,1.2,0.7864,0.08756667,0.15384616,1.0,1.3333334,0.0,0.0,1.8,0.4332,0.6666667
-0.08302666065305873,0.71733839607836,0.04815156910139672,0.010048092445430624,-0.0003828175589388749,0.02381441086897139,0.0,0.0,0.0033438091094743724,0.001307445200865204,0.0024164773211966606,0.044444446,2.0,0.7182,0.64102566,1.1,0.6666667,0.0,0.0,1.6411765,0.0,0.6666667
0.001089089335245902,-0.09030202816954724,-0.02929640209855509,0.0044483913388570955,0.006170499132388388,-0.06321167144812154,0.0,0.0,-0.0007752368913435798,-0.003075326459987998,-0.005434418168074449,0.93333334,0.0094,0.027033333,0.3846154,0.5,1.3333334,0.0,0.0,1.7941177,0.614,0.6666667
-0.09676492829799017,-0.05964382554159533,-0.014481513740873801,-0.013920057049076326,0.001154223279674793,-0.03141829760366169,0.0,0.0,-0.0010601747522754994,-0.0009649157001010623,0.03656520899253233,0.044444446,0.1308,0.0218,1.7948718,1.1,1.3333334,0.0,0.0,1.8176471,0.0168,0.0
0.645856160254311,0.007567045602349363,-0.020957600200378092,0.008887082306462997,-0.005618095711022857,-0.07010089867220216,0.0,0.0,-0.0017360111464335137,0.002841852107289172,0.04695811659924319,2.0,0.2958,0.0072,0.7692308,1.6,1.3333334,0.0,0.0,1.6588235,0.005266667,0.6666667
-0.03362036283315555,-0.05967847566889074,-0.026264834942544016,0.003547709540742905,-0.0062474475453449365,-0.03905142858123359,0.0,0.0,-0.004745683375091993,-0.00810299084664142,-0.006205578955440984,0.7111111,0.1868,0.0319,0.33333334,1.7,1.3333334,0.0,0.0,1.8294117,2.0,0.6666667
-0.0028955763023879653,-0.08343541477722326,-0.013174492922990397,0.004201879768819407,0.004482080409050103,-0.029765931516479327,0.0,0.0,-0.002263342975115961,-0.001162431866666369,-0.0565246310257239,0.84444445,0.0,0.017766668,0.17948718,0.4,1.3333334,0.0,0.0,1.7235295,0.00036666667,2.0
-0.10719949681838212,-0.09353286466568296,-0.03130717725690514,-0.013639874834704255,0.0032541840884063684,0.01318894750467966,0.0,0.0,0.0011436806120324033,-0.0004836488014633711,0.04860799530470243,0.44444445,0.0,0.0013,1.6153846,0.5,0.6666667,0.0,0.0,1.7,0.0174,0.0
0.29767184317582734,0.3273329845114551,-0.0013954194446119277,0.005479160095892248,0.004329352577165845,0.03768658439840549,0.0,0.0,-0.0003199082481110116,0.0013895581910667184,0.03550011274196549,1.7777778,1.5508,0.13353333,0.7948718,1.4,0.6666667,0.0,0.0,1.9235294,0.050933335,0.0
-0.26706356292920247,-0.024725528646711313,-0.04167189607337287,-0.007402927317011691,-0.00873782842649892,0.10891333869423736,0.0,0.0,0.013698026479097278,-0.00023304340531249412,0.06806583563804376,0.08888889,0.3086,0.0045,1.4102564,1.5,0.0,0.0,0.0,1.3235294,0.020133333,0.0
-0.0882729077927886,-0.1109419950162314,-0.04027846819341657,-0.004097133640938251,0.004819418620564506,0.0005355413466943681,0.0,0.0,0.0007748207607337446,0.0015608523024176024,0.06489331344723762,0.62222224,0.0,0.0012,1.1282052,0.3,0.6666667,0.0,0.0,1.6941177,0.0010666667,0.0
-0.09105792000428277,-0.055166266908563834,-0.038380569089829335,0.00383409688090423,0.001287148793034251,0.013276073944292515,0.0,0.0,-0.006358885814187904,0.0002533040885277227,-0.0074818733300459055,0.5777778,0.254,0.0075333333,0.61538464,1.0,0.6666667,0.0,0.0,1.8588235,0.2455,0.6666667
-0.13545494661369037,-0.07999818175671428,-0.03710987737812932,0.002658807185515578,-0.007209434502699057,0.08761473115340795,0.0,0.0,0.007047133989357917,-9.148894279109587e-06,-0.015444893882408961,0.44444445,0.1416,0.042433333,0.74358976,1.5,0.0,0.0,0.0,1.6647059,0.039133333,0.6666667
0.1435187901878847,0.6779584418095427,-0.0008396787026081487,0.0023136968132989456,0.0018840854423482123,-0.06905758724572596,0.0,0.0,0.012013862104742668,-0.006461677465896746,-0.060097556137921095,1.0666667,1.6636,0.12623334,0.35897437,1.6,1.3333334,0.0,0.0,1.5470588,0.11066667,2.0
-0.11295083381694294,-0.08381644214820572,-0.035534121094404444,-0.0015385995827838013,-0.006330575668407049,0.013507704720092783,0.0,0.0,-0.006651633469739723,0.000446302584921926,0.053187632411079766,0.44444445,0.0684,0.0022666666,1.051282,1.7,0.6666667,0.0,0.0,1.9235294,0.14983334,0.0
0.3163614322550084,-0.018994225165612125,-0.021614114570185482,-0.007150287995816611,-0.007477188618062604,0.0777620897210518,0.0,0.0,-0.012121612901097955,-0.007664665642820423,0.23197683595366883,1.2,0.1764,0.009466667,1.1282052,1.5,0.6666667,0.0,0.0,1.9352942,0.008633333,0.0
-0.08852340357126608,-0.08442276316705066,-0.02376664747532,0.0019146250999233973,0.003686834398229931,0.014731087761987904,0.0,0.0,-0.0023636921634020078,-0.0008133745646625445,-0.0009581463326314109,0.4,0.0552,0.018666666,0.4871795,0.6,0.6666667,0.0,0.0,1.8529412,0.00026666667,0.6666667
-0.05581611499508308,-0.08396151859528792,-0.013314166046270313,0.004254149666362297,0.0035997614480713807,0.012443202771489307,0.0,0.0,-0.0038077814002682986,-0.0005640369763964259,-0.04336796836717201,0.4888889,0.0454,0.06266667,0.20512821,0.5,0.6666667,0.0,0.0,1.8235294,0.0159,1.3333334
-0.058205268655259185,-0.08764521879837926,-0.011253875006645063,0.0025336443919862254,0.003945187274939891,0.01226359022454631,0.0,0.0,-0.0004399686118813362,-0.0007492566071190498,-0.04098552785151214,0.4,0.0,0.053466666,0.51282054,0.2,0.6666667,0.0,0.0,1.7941177,0.0076,1.3333334
-0.02586384824662441,-0.08774165652366898,-0.02019347899336749,0.0017113894241169436,0.003864386595667459,-0.04052411162289942,0.0,0.0,-0.0057706116008657505,0.0019640835354871196,-0.007950409966751925,0.8,0.0,0.0067666667,0.35897437,0.2,1.3333334,0.0,0.0,1.8764706,0.0043,0.6666667
-0.05471013217726406,-0.09832941711120041,-0.03446174078391187,0.004257728108325485,0.0028338282831844685,0.012737165319397047,0.0,0.0,-0.003032430133306331,-0.000807754260603144,-0.0087500514444041,0.7111111,0.0,0.008133333,0.51282054,1.0,0.6666667,0.0,0.0,1.7470589,0.0026333334,0.6666667
-0.04472793354647991,-0.08825488265231535,-0.01660864934699381,0.0016724362234437247,0.002071697176093359,0.011663725091270647,0.0,0.0,0.0013709522101067592,0.0004549253231397876,-0.048173578061315815,0.62222224,0.0,0.001,0.41025642,0.3,0.6666667,0.0,0.0,1.7470589,0.0285,1.3333334
-0.05426672801656775,-0.0794106675976407,-0.013979967006270804,0.0022940610898785274,-0.003240317094502967,-0.025419289281625568,0.0,0.0,-0.003150481244156158,-0.00043963971632807186,-0.0029241949115696017,0.31111112,0.0,0.0022,0.6666667,1.6,1.3333334,0.0,0.0,1.9117647,0.033966668,0.6666667
-0.08866431129975604,-0.08852029700144792,-0.01705621903506499,0.0018693391936792688,0.0032251793577230546,0.012965918847596097,0.0,0.0,-0.00045210369581814483,-0.00019708142010840812,-0.003700569353432563,0.31111112,0.0,0.0155,0.82051283,0.4,0.6666667,0.0,0.0,1.7470589,0.0031333333,0.6666667
0.13861248959597072,0.5256431644295655,-0.0008093846047454445,0.003593175883509097,-0.004540098615718914,-0.17956980915758497,0.0,0.0,0.003050605488664331,-0.006942751705568337,0.01892580185586157,1.3333334,2.0,0.10513333,0.74358976,0.3,2.0,0.0,0.0,1.0470588,0.0361,0.0
-0.03198634893017592,-0.06477486206230265,-0.01096364533814869,0.0018037330067814006,-0.0012923702293357443,-0.022637326558063556,0.0,0.0,-0.001449322183423339,-0.00041951441965168423,-0.04881888972475883,0.4888889,0.1292,0.0050666668,0.43589744,1.3,1.3333334,0.0,0.0,1.7705883,0.012833334,2.0
0.08706565499240777,-0.07540630806818155,-0.03388420676931133,-0.0037271854408486853,0.0023347216321768075,-0.12533087481694993,0.0,0.0,-0.002984280191497846,0.001895965936237226,-0.026277816705266167,1.2,0.1154,0.004833333,0.23076923,1.0,1.3333334,0.0,0.0,1.7941177,0.010233333,0.6666667
-0.044536350973042343,-0.09663566597340274,-0.018217958282729044,0.0050913243881525365,0.00677771660332274,0.07127741517930013,0.0,0.0,-0.00167911435903875,2.9716146463520943e-05,-0.1026394357939715,0.5777778,0.0,0.0024333333,0.33333334,0.3,0.0,0.0,0.0,1.7764705,0.037666667,2.0
-0.027327878253919018,-0.06227898181704397,-0.010135346021857438,-0.003116158018170993,0.002141059186071764,-0.04056082161436059,0.0,0.0,0.0008346713657862992,0.0016324092593916495,-0.04172797151092915,0.44444445,0.0448,0.019533332,0.102564104,0.8,2.0,0.0,0.0,1.4352942,0.0037333334,2.0
-0.09047467047794423,-0.09092534430826597,-0.014427394153855432,0.0042067332767631175,-0.005854754608654193,0.0619870155042037,0.0,0.0,-0.0005028310135274106,0.000795317576022219,-0.045338296050903414,0.13333334,0.0,0.033333335,0.53846157,1.6,0.0,0.0,0.0,1.7352941,0.0079,1.3333334
-0.03233566848554586,-0.08036768756045767,-0.01287416658738233,0.003047125369465592,0.00036314126334452965,-0.022919863712035263,0.0,0.0,-0.0015556911005785413,0.00014837926821018033,-0.0340433058750292,0.5777778,0.0144,0.028966667,0.43589744,1.0,1.3333334,0.0,0.0,1.8,0.014433334,1.3333334
-0.04951717920368182,-0.0719043789943569,-0.012645523261163033,0.003062236022241001,-0.0038410540310343934,0.010800354975370461,0.0,0.0,0.000862174553591305,-0.005343413609052073,-0.05201063120048339,0.26666668,0.1224,0.032166667,0.2820513,1.7,0.6666667,0.0,0.0,1.7352941,2.0,2.0
0.32695803990608774,-0.0005542447430708641,-0.03312162524894243,0.006167051779858843,0.002703875249847886,0.3251929286035919,0.0,0.0,0.004769803615165114,-0.005962085845838559,0.07474991387302943,1.1555556,0.1966,0.0112333335,0.94871795,1.2,0.0,0.0,0.0,1.7117647,0.0082,0.6666667
-0.08203165282233557,-0.08265865051329442,-0.014099931051192663,0.0005389903937952634,-0.007201094522888334,0.014504491641287408,0.0,0.0,0.0011694186977355828,-0.009476772579874225,-0.0012709369073337863,0.13333334,0.0,0.039666668,1.0769231,1.9,0.6666667,0.0,0.0,1.6941177,2.0,0.6666667
