shap_TyreAge,shap_LapTimeDelta,shap_GapAhead,shap_LapsRemaining,shap_Position,shap_CompoundIdx,shap_TrackTemp,shap_Rainfall,shap_SpeedST
0.7038334225195921,0.7524662229827526,0.5030044062585631,0.39341776229859804,0.20415150057378695,0.2420701744376169,0.16835767404712598,0.07726520171500277,0.03950312401755812
0.8823932961297454,0.6735275137452308,0.5227465456586383,0.36489309178948826,0.16748293245175866,0.21043396498208886,0.13144197843250408,0.08210761219801342,0.005935846822838396
0.805194027046915,0.7214324633743483,0.43893773572756645,0.4051287359927757,0.24350477548785293,0.20351133819556533,0.053596067126171376,-0.009183399154366029,0.050222147408983474
0.8305762265176323,0.7750326289673801,0.44989251044001105,0.31702738906854305,0.2865240076475332,0.21375550671741572,0.1136359554063252,0.019346265288020373,0.036227281341079005
0.8827268096434413,0.639341236373913,0.44974978267723037,0.39422296354093933,0.2560113887131221,0.167457475297639,0.08000857543072075,0.12898034470273467,-0.04152188173770796
0.8141203285185574,0.7770626096469921,0.5066746135825243,0.2732923952651461,0.26455637604574755,0.1707418592048503,0.08353226570195142,0.18125113788597885,0.07203407259135637
0.8360968312270884,0.7757277558344747,0.34268166430872743,0.40328764545264956,0.2721831934388404,0.22568016340711533,0.17808164401284046,0.14974220763759022,0.0997376600273736
0.8834013374902593,0.7578886392262908,0.41912324022306274,0.34831319576143593,0.2464225698154857,0.2333735471969147,0.17846819577854983,0.09444527263338454,0.07017161488747614
0.8549502345831627,0.7240409495511463,0.40506785799537004,0.3564643432658308,0.3221971845376133,0.21962307030895345,0.1427884740662021,0.10389590974798452,0.12986385460573702
0.8421290655211405,0.6853536724592352,0.3445543523539299,0.29971656231005983,0.2516804316598183,0.1805625317053091,0.1400210491826373,0.0912567337325877,0.0044838390978925655
0.8522816760933163,0.73537915758366,0.452868288701356,0.4376947490799957,0.2017805368592041,0.17999859013712038,0.09995730908894374,0.11100704728574542,-0.04631110081287962
0.8461238914189867,0.6609259332961817,0.4226477432672474,0.2973275976393127,0.21749837387203372,0.23210024543521926,0.11816793123865663,0.0859761927291223,0.03616692736631059
0.8573600361906706,0.6903909533983079,0.47253544915592305,0.37735250023363714,0.28692339290545965,0.1811901793078222,0.1463221303965709,0.010025532145789481,0.0820194842737483
0.8562376754726791,0.6963519763362711,0.474313996944966,0.28279171388313895,0.22446964979612385,0.22303036160659692,0.03418400184536176,0.1347419492247668,0.09632655390617796
0.8942633806128247,0.781659080176892,0.5273384206125826,0.2888320105198657,0.2531503188861301,0.19453491588876326,0.08377009216980134,0.12038940663240864,0.12228425855380928
0.8555697200282687,0.790151722051187,0.4511926096519291,0.3178119734847229,0.2512442029394572,0.2741305388365739,0.14837139371733393,0.13048180258315406,0.044157565199743704
0.8713388308124548,0.7301089875204371,0.4676146833392628,0.3938191656299388,0.2539577145035178,0.12218121919429425,0.14854449433196681,0.08412361875814778,-0.09576141840358841
0.8527918756674021,0.7424991020861222,0.4423190073499852,0.28242942899266943,0.2330903755751787,0.2262675559996386,0.1908676181965278,0.10680981148683308,0.07409506980309842
0.8003125278801059,0.6818324116085724,0.4093086024151938,0.43533809348385577,0.24682403080310794,0.14539300853614315,0.10548641273637277,0.16317349452304267,0.1567337838915751
0.820772570085394,0.6823798324769591,0.4566759702333835,0.3891925258553954,0.1943789706431755,0.23527879544491737,0.19703092225648827,0.1843515150290494,0.16843316495625693
0.8809085927499293,0.6733944752853229,0.4875449285818015,0.38465695814987894,0.1865941669077018,0.2582275995489649,0.24727561094426057,0.07376250563825373,0.01964738706305015
0.9016192618612798,0.7111807816948121,0.5672111060798326,0.3579377668553676,0.15344870294945664,0.21693980811541216,0.14781344602714427,0.1979392331246847,0.11234411272415666
0.8301414564574762,0.7205351402679148,0.3966136942054499,0.37138368051691567,0.3587667575974768,0.24086887750649366,0.11698511055298177,0.044121628378052925,0.11777374007993748
0.8570228967587872,0.712827305536992,0.4106531842147194,0.3729533704174549,0.20823434088971313,0.11148624586861416,0.17033203895704557,0.09320389685754389,0.06539506362504802
0.7729135029211841,0.7549108025087684,0.423789821898874,0.38241233942138275,0.2495978570107558,0.21887179490054667,0.19370121211763974,0.2083591313288543,0.10076192435408453
0.7740556976116715,0.6399141962841135,0.4004226727343192,0.41755496640399775,0.2490469063517103,0.19299044969681067,0.24567355686135525,0.12431890888455711,0.053951826599119485
0.8163283191500974,0.6977599499641927,0.42484079496716665,0.36330012554567676,0.18885452149822662,0.23306529503959145,0.1459760752200039,0.08595477632259335,0.09654087618324142
0.9701025500095758,0.7348129358481228,0.43344164095157584,0.31395678759417645,0.29867510348005044,0.16852029974178911,0.09343436338203046,0.13006849883741,0.08760612435678848
0.8609491391695333,0.666844518572443,0.42481919562904846,0.38712743056125465,0.2283465245378449,0.1781764626166882,0.13691296134833994,0.09084830335485103,0.08839969699677133
0.7626404119895924,0.7537297033050854,0.5445471716202294,0.2395744471932359,0.2102858642312878,0.14094176619386248,0.202775892378399,0.07434640460561256,0.011727372653420692
0.8415646238500616,0.7314732323089823,0.38387119080416154,0.37714518817474707,0.2959227113338153,0.1971792629493242,0.22020189931109002,0.12513478535965752,0.11532232702508272
0.8623000603847795,0.7897182224692543,0.4875732569902058,0.3685049027665387,0.3066352214957889,0.17721407360215707,0.14899372664008953,0.1436762239849432,0.08132531582630725
0.835806472738073,0.6530250727302227,0.46679532273433455,0.29380248245851565,0.2719079288407455,0.18548781763022523,0.18565904251135507,-0.004401810798151787,0.0691725091566309
0.88258254085958,0.748805508635695,0.4993987032233604,0.2947882771213689,0.27230473254987636,0.26116773061650483,0.17502069173065649,0.11305640698365713,0.004904740760494006
0.835530781840837,0.7314104736684136,0.43716944146443437,0.311050090958043,0.2986804461940461,0.17113179200177606,0.1631472950954916,0.09777780170349772,0.010141358407237136
0.8158407695452791,0.7556731074172015,0.3130161114359439,0.371156456045723,0.1776241830224528,0.15932674326412333,0.20766732057066611,0.09028681120001908,0.08836090201719154
0.81123947178726,0.7153878174027386,0.45606066984052906,0.4208243804525774,0.2028806021687034,0.1235950719400194,0.1963763506945601,0.05054032585756354,0.034335590902556674
0.8447195308137517,0.7380059621605042,0.5138448832588836,0.4353879389614484,0.2250505786924203,0.14036538282212074,0.2822295183605709,0.19408705188062145,0.014467134101412753
0.857955605379625,0.7202473489783037,0.45624350476350695,0.25736534504614567,0.24392769608689996,0.19273338513434055,0.10678751638906385,0.035190833973885186,0.10548844487600746
0.8763073994439005,0.6873081462011393,0.4643903986714605,0.3818900013262189,0.26924924397815786,0.23040003859425576,0.1366878646330739,0.1313800722407828,0.07167663911083183
0.90662503238483,0.6728581399102117,0.43266328245538543,0.4014270232591054,0.30013518905416386,0.23557985041250065,0.049562774278035,0.11315427306110987,-0.010713292121882156
0.841422857196064,0.6555812817155939,0.43946710558707985,0.31005407548727043,0.18850571301429764,0.20031376709563795,0.14810907654787853,0.24856704227940182,0.11346582267497121
0.8986835639162786,0.7299425029584776,0.4400246892242475,0.38734553992429915,0.2789349334432755,0.2563458447602403,0.232803986123903,0.15513207462404174,-0.017820959809595555
0.8924545910170506,0.7924063542928537,0.4628925993614507,0.370171174449166,0.2544295671614317,0.26170813437116597,0.20208731154826284,-0.015670156711990568,0.16627987999975702
0.8903036386955097,0.7479645150155397,0.4773970973474576,0.35330581057347965,0.2837443032391995,0.11143538832956201,0.1413183436241852,0.17596886818185287,0.1043910828816419
0.8303829340389638,0.7652667461360486,0.5197648888578994,0.32786838096854615,0.30477554870497664,0.12392324237603324,0.16254154775496887,0.12162130553489103,0.0854475206631082
0.7831452843304912,0.7201029496309787,0.48871568958359124,0.35412014656308893,0.2038508097465117,0.2567526334125523,0.1811208531933442,0.16876825541496585,-0.0018933793909505989
0.8069581652764082,0.6507005008748024,0.5061551658343393,0.2955006305205435,0.21362343847437834,0.17440591844938014,0.1298870514813262,0.09424255219714318,-0.01961038426902502
0.8577795299440517,0.6410750685914781,0.39034779570793665,0.42828909134796456,0.3148334266932379,0.22273871381918858,0.14422703134480766,0.007485178046261615,0.05619129151600846
0.8968866262580356,0.7244123505935613,0.4959393843416699,0.38160515845655685,0.32198708372361984,0.18424528602874882,0.1656244540050778,0.1371583830581209,-0.01776318795198667
0.8306063889282757,0.6559841860834557,0.39296617927508304,0.3374336602143067,0.2732968046975308,0.19518001084693376,0.18036787954956818,0.018837594359711773,0.09892576853213772
0.7901439592079624,0.7326544918652234,0.48435405556767663,0.42544715155808227,0.21936371646926367,0.21198740687862788,0.2045607063979744,0.13243925693436795,0.04296006572268233
0.8567297243598857,0.7146898708136588,0.46731262939995205,0.31409009425885714,0.2402889999660731,0.19141462207386642,0.12109414412164947,0.1229410212061311,0.01533071339697533
0.8450467295679538,0.735998420092004,0.40087174810607734,0.30464353734701066,0.3124798449076158,0.21020858402828976,0.1480228993255165,0.09740928177507652,0.024181183166208944
0.9053460192470668,0.6848570967955299,0.47025370519261417,0.36737900079764446,0.26486868695870364,0.0960607290829419,0.07704195761653392,0.09514025622660725,0.09738988523877966
0.8785215857800107,0.6164908872265659,0.4506882876657079,0.41431037132149257,0.2565902714723713,0.2703853628928519,0.09867720615722791,0.06206112940543734,0.023047827881386315
0.7790905412202583,0.72709271726815,0.42321696255232844,0.314572839527976,0.20493992967189367,0.15870006300601858,0.13752069269967424,0.06953916936187357,0.12213324746775946
0.8820663891484144,0.7073947420464933,0.4293911311446994,0.4016571437481027,0.1953502044844042,0.27136230044266635,0.258356123352469,0.1479592655221386,0.03598813322657021
0.8808772339017221,0.7546950127960445,0.510582328643802,0.340841727159941,0.18655458936669567,0.2377059803891955,0.23151254972090607,0.17349685181328378,0.07040874555291088
0.7952724235350986,0.7225573061216998,0.44441907051845475,0.3532752247594363,0.3415125981111383,0.17334298838548584,0.1699300311735805,0.04361212435003915,0.1301505473639059
0.7946124888657623,0.7438292535701373,0.45379267230157294,0.35080789404573426,0.26370377087834407,0.22796876591129842,0.15141160026231618,0.10637447664273116,0.03622112599687723
0.9135255101668788,0.7089856032026111,0.4252536865023493,0.28310380096430454,0.2845023544214786,0.14553467177104898,0.17446035554311853,0.11099309411996791,0.06884165303328857
0.860535795513648,0.8095835141437303,0.5025846900773586,0.35556374723622547,0.26591909383624845,0.15076019898625878,0.21409003205866162,0.14824147688805267,0.004979701960707364
0.9105936655647213,0.7151205576122175,0.40224517007328153,0.2979910816542729,0.294978021165264,0.10469327826313847,0.12590331838437713,0.2098971734179508,0.08284114115737931
0.7898000734068839,0.5916874444329961,0.4062971885016049,0.41608850605255004,0.25590216370412167,0.22848499863713143,0.10141488882006114,0.13780231666848414,0.03157986922205442
0.8659614943239393,0.8153485445304902,0.5221036118011433,0.44493709383984875,0.17621541639578076,0.21800331829268577,0.13133864402624168,0.14800139569226517,0.06281430683104051
0.8553807477285347,0.747456900998794,0.5731971165861488,0.3445533805628107,0.27547681531182727,0.23726311663789193,0.07728319438736965,0.1348648942811608,0.10998109618367857
0.6758741849893614,0.7065328444586962,0.43108167467502045,0.3282171151568509,0.20969814324567831,0.19563629491424306,0.2111749341402523,0.07356655774515855,0.14775961671192644
0.7646912383556761,0.7289252398419488,0.41781457337560846,0.35639780308017105,0.2300898316455562,0.22453770664436218,0.10515002240027274,0.1294010001011204,0.09369463409308562
0.8721929544475185,0.6610286535332982,0.485110578451663,0.32084528254777145,0.21532874514865885,0.17906243387845994,0.15617313411905043,0.1534750500646373,0.03631035573944951
0.743484205559085,0.6283653268697529,0.524317879778056,0.3627446836976326,0.22237758302536417,0.18783509075359983,0.2735609744877674,0.07566189107479455,0.15891400801481886
0.780312264274007,0.6542032028685192,0.4730855586179381,0.3276419553410489,0.21585577289674607,0.2179314566068023,0.17733844736141846,0.06192723914572708,-0.04188686180889177
0.8732506529525909,0.7390849446720038,0.5024397892353519,0.3531044619960665,0.32469851841671377,0.145966391470399,0.1245523040214943,0.026067803480999296,0.09038319323696231
0.7972535381733782,0.7299339500457497,0.4356633237459047,0.4438522440296602,0.2645307151618143,0.15509330421299364,0.0815326920368374,0.05470938329507424,-0.04622848695178976
0.8778995515661588,0.7223425412083276,0.44909338087810935,0.3163350919024705,0.24233557373046744,0.22320074254448521,0.18955665435653035,0.09477049231160374,-0.032642712906450516
0.8361311397635043,0.7439795242252564,0.43185029897893124,0.3010914708240028,0.25918403007045704,0.1567986101355607,0.2086388033163305,0.1486974997737748,-0.03896491067482108
0.8417319827763357,0.7301950278475748,0.4450217235695314,0.3301367253698866,0.3153482031186765,0.24725375789052412,0.09513419063170109,0.058305745262075465,0.051988177662760995
0.8459530817298897,0.8076101165093655,0.4998631573985339,0.3233827686418839,0.2444003703664484,0.15743095662058337,0.2282611062018654,0.1199488461970506,0.09552749855689728
0.8871981016268558,0.6950522933861417,0.39806668684381225,0.33202649026012143,0.18619163796334537,0.20171959391567149,0.14191733984517046,0.15463821977904274,0.1374378607086823
0.8932593666182518,0.74140366889628,0.4515323119045905,0.31680918631404953,0.25444579468083195,0.21981815303058336,0.2325583849342026,0.11505264385917417,0.14704552189464115
0.8550628400997584,0.6981593994182166,0.38166344150673437,0.4175273365630201,0.21639087341070423,0.16640649411859332,0.10548960465971723,0.07641172814311673,-0.002241062199080379
0.8566783887417574,0.6444235615477849,0.4199493369620175,0.26580083087322665,0.21743986068106463,0.194566018296401,0.05980810693035343,0.1998707269209028,0.027794141253731416
0.888546204199513,0.6550335603369283,0.4233616218970012,0.4256345170701184,0.20748285547728595,0.19198001010033966,0.10001671929857142,0.08981294799936468,0.07385239527429883
0.8715349996410174,0.6999158416175281,0.3891107309289764,0.36076791262348196,0.29063797017938847,0.13177445821149442,0.1259256077206532,0.16419267839953422,0.013984694571088238
0.8979436762251972,0.7319556681510019,0.3577124445725933,0.3478618066284839,0.28746607812919156,0.1991995278138251,0.08790150889007628,0.18728173753106905,0.1509090434309116
0.8159069410500077,0.7286129667178002,0.38734839186853903,0.36435998446680057,0.29791742136572763,0.12269220752730613,0.12310645141248178,0.09448499990634311,0.11714808644013558
0.8516576025578125,0.7459761831416751,0.4808287172018251,0.32777284609360774,0.23169649101640719,0.1600600122622081,0.14712485148635257,0.18153939481389628,0.04293625440207928
0.880510940497339,0.7412895407880508,0.396240525208865,0.3997546083832354,0.28417421389808895,0.17177617896839403,0.08255809623242019,0.16778882256039052,-0.036866761354234015
0.8439522215380576,0.6556925157301233,0.44323508757682173,0.2934050547753602,0.19530361332138732,0.21794887885299893,0.11759774700763409,0.019119907669676597,0.037055146683026285
0.7610883189736182,0.7376811097272161,0.5033131054882564,0.3710860386119097,0.2744273612134396,0.10183729424748399,0.16886542601554505,0.13125903217943335,0.08275074929228118
0.8995263747636917,0.7340830100274178,0.4027761085277834,0.3216849449762656,0.33969034353622957,0.1392628187673915,0.20300597601466447,0.07750012361961126,0.1096608267320416
0.7510084454432984,0.6810434954140627,0.5560105429379372,0.39629275307605555,0.27107038020137636,0.16420287562815905,0.13604158737775907,0.15306721868628298,0.0768972651083791
0.8433293017519714,0.7460037970299123,0.40704934486327166,0.3609435928911311,0.15195191716487705,0.17265548732099922,0.1903683666344627,0.09456532712429591,0.00524312237587686
0.9279209537015434,0.7321309411744765,0.4362764080897659,0.3347911313749805,0.16603745453733593,0.18156180105297998,0.19132001449253708,0.1022928741674123,-0.04096922015088081
0.7535544476058872,0.5902179008388893,0.5311639675126778,0.4523405900371784,0.28640918435242874,0.2594659592404136,0.12058656202439523,0.12166997678270353,0.044486961354914444
0.8042736838672401,0.6713646059376651,0.4315212506700749,0.3457004094974295,0.21315677372008968,0.1590027715646491,0.1770308694325493,0.12976210969595606,0.09731751613504741
0.8712891238042895,0.6546847739998128,0.39863529910876416,0.21605942191271663,0.32052345327908865,0.08207022380227061,0.12102786954007944,0.03802165611039674,0.0558492675242501
0.8335777568568007,0.8185310263210639,0.46347194070759307,0.3320616006061614,0.24582143203286988,0.19078752633769744,0.10230468768546794,0.1614856365081966,0.02424762568253377
0.8248386578208613,0.7714059081538494,0.3421899124697721,0.29558889088144263,0.21786806499193612,0.1399792649168244,0.13859899890145227,0.12712518964420694,0.056170920210880604
0.8978876620290392,0.7729005636628145,0.5393433675747659,0.3670252524364268,0.26026161436622014,0.203570872499398,0.09242745070791483,0.03502392340611288,-0.03962813320627609
0.752043141013822,0.7128440205873512,0.4989248464321153,0.42427740070897596,0.16095377097806174,0.2412811138055788,0.1266737028335308,0.09335212992065405,-0.015598888786788015
0.7743384136123568,0.7744912801842851,0.4402019799311262,0.33999458161493656,0.20438193292694523,0.27035704175132924,0.1475951090907088,0.051892983893842004,0.08146960314532906
0.8413597846042085,0.7325309301528558,0.36402862306064315,0.29686746117093943,0.266657104095808,0.2434067205202231,0.14321267868610194,0.10519829025948285,0.09120611796469494
0.8508392698724925,0.6478113933035992,0.38793819411154085,0.3648190925412597,0.1807324751162943,0.15379192720415974,0.17633128475349988,0.09280239502692181,0.06857220447554377
0.8231148347242637,0.7114828356736702,0.5187797376796464,0.41614078788003506,0.2546486908670436,0.25082980117067766,0.17679303586311496,0.0480620285770929,0.04500431082200749
0.8871065381614158,0.6799591879792553,0.47783673729881815,0.3083737505167368,0.1981135706480466,0.172029818380735,0.1059117645255615,0.07666879821042154,0.004937760669458807
0.8051910982354826,0.7838201161000332,0.4677764136282625,0.3098965962562929,0.24835215134130284,0.23638597742032516,0.16511578598693624,0.07004596731914114,-0.042972688082407964
0.8892286835080012,0.7577133163231998,0.48558288913535674,0.39880010480307493,0.25590973421481333,0.21990348293546058,0.2551351972508997,0.07260448710719586,0.08796227006598996
0.88228117391969,0.7458172871455926,0.34787519027025515,0.3166018219350928,0.2872315116038179,0.24743770824312347,0.13962791483149065,0.06575202098553402,0.027481786605440928
0.8373210196620201,0.7279642386337868,0.4530846100980365,0.3383057011979304,0.1973069855807077,0.1912540829087578,0.25354738889755984,0.1890798234517368,0.07625351352751028
0.8714160361895782,0.6728163811046484,0.47832301897644813,0.33844488345473417,0.21799285187047035,0.18860582704509002,0.12699949927424592,0.05750662887084538,0.05751678657001897
0.8647602963902208,0.7478551150453633,0.477664345551093,0.3453995191863288,0.1474873976601375,0.20036953079742714,0.20409069222458237,0.1439503765990572,0.024242557812628615
0.7080125044732867,0.630613817337648,0.4960065877569725,0.3228577933940752,0.34752386612343505,0.11516344575084564,0.1619990599208432,0.1287960940038041,0.06482957234599822
0.8749749599373937,0.7891667288672408,0.42116323644915943,0.2743175054715081,0.20730304728883286,0.20736145689786017,0.16428906175049046,0.07764740826312491,0.12651273965395246
0.9080307764427318,0.7080033337850828,0.39874635249634427,0.317493301434964,0.32850843233058225,0.17529148006118622,0.19956109903852293,0.1521668349404517,0.07457912949709145
0.7760558273998783,0.706281642026366,0.4911341283613222,0.3525032628868554,0.17415786744991668,0.16327463559391703,0.10421287334628127,0.09648481541542354,0.05757107830595881
0.8250425805101872,0.79766509406922,0.41504504294172195,0.34883145201482146,0.2499634689069967,0.1759202406096751,0.09247739341618463,0.07401001326139654,0.08951098759608102
0.9293066599656895,0.7459493644456809,0.4115020050823851,0.29472655013106686,0.31245412643365095,0.2157532703708502,0.11667831633778904,0.10877328203406857,0.1000445446432147
0.8844267709421971,0.7978639850074976,0.5936039754752581,0.3627167685343008,0.23323367864329286,0.15103653540149373,0.16832272053013064,0.04280824513452097,0.014595737320585764
0.8142747729368099,0.732701256844301,0.45231806015084597,0.3874676960022929,0.18109443328529584,0.18280944931369453,0.13311622313218688,0.04237813149071537,0.03163413172491665
0.9122016358445652,0.7203206317297006,0.4597853088978639,0.3253719154407616,0.13764865708529617,0.14354248609797404,0.19052548530236285,0.09193724743001737,0.12311735639238885
0.8653177617476812,0.6756654646469268,0.38908389466252885,0.26724424537632585,0.2203255413682712,0.15772698497183849,0.1626368881757596,0.13100793281694173,0.08328509945819546
0.8574664685283381,0.7624858807137572,0.5213366018480583,0.3732249182584138,0.2253532079208161,0.13052002588126432,0.09941864648737499,0.148304085116218,0.09757764771009361
0.9731044486760825,0.6311556884729955,0.48526090296844343,0.3064981737542381,0.22036905912698834,0.19884987162961945,0.14708292331023617,0.153265066011483,0.06752532578258574
0.8484780644513729,0.7018133979793238,0.5072525118632099,0.36893089834392956,0.19728842817825196,0.24808897816997336,0.1513815955128364,0.25962022400159845,-0.027840376387558638
0.8527728427203887,0.7215250996098082,0.4362600709439998,0.4631767105145048,0.2622031030964714,0.22931215249277648,0.15102080803554335,0.10283170736381994,0.08790689095350307
0.8527527516773262,0.7866441740298638,0.4270454548351968,0.36256375435050503,0.23795830277702393,0.18165448812955826,0.16754295981468392,0.026325903707954887,0.10082319698361392
0.9528310366178938,0.6516851380717583,0.3754348269207897,0.4015977764890618,0.3155756993532695,0.2416920102744463,0.11156730992790011,0.15254879852222977,-0.011181213328698356
0.8020186434521782,0.72914560280708,0.4536685748990467,0.32132193167635204,0.21519199828766422,0.23452300644806548,0.136939584715272,0.07698896551391453,0.04559723477062347
0.7584013605460638,0.6899194237749834,0.4729801159336713,0.4000891659335526,0.12171397322124328,0.1519497639011944,0.1750576997679937,-0.07892626573708289,0.07364655330827188
0.9629046463080255,0.6689162826501563,0.41307499557915783,0.3610821250414797,0.2644455095897623,0.22827510346171062,0.15266396695954337,0.07977744205319633,0.055691048419821795
0.8497029374341688,0.7238368498374048,0.4980203418484202,0.3334347236925845,0.3094052263520741,0.27685339445046836,0.16647771142092022,-0.006140440992768378,0.09618170771884844
0.8722211029783411,0.7281080426975711,0.47613348960169,0.2837674951521007,0.1700347022127658,0.20932810550699488,0.20156376414795021,0.10049661572539889,0.09106643695663842
0.7932740789600227,0.6198273988560637,0.44545092039824147,0.3571280656909412,0.2678235995922523,0.20414065400381864,0.05939419005670844,0.13375495181045852,0.004843816583089418
0.7392975605362415,0.76517203827302,0.4310262777180184,0.4193511552396902,0.20164002969978498,0.1948951958447287,0.12963845853959993,0.134828937949713,0.07532627280296775
0.8618095302503639,0.7800717007776083,0.48158852198176955,0.36030522602401865,0.33861832239889256,0.15845272711257424,0.2034032770513693,0.0723952336461754,0.004210216236165201
0.8130583566077585,0.7516133561718314,0.4909849986704594,0.33346108595731944,0.2612193410242861,0.26670363158500726,0.07410610759108817,-0.00386316049826034,0.0899984315067236
0.8571732491610432,0.6819057436620607,0.414613767339784,0.3326531598761018,0.23527309010203545,0.12677187612353102,0.13427703807304092,0.021034248813387696,0.12139149482082505
0.991027640126917,0.8050008133538034,0.38999209702714055,0.30778686399187716,0.31700984820272543,0.22414037822790966,0.18582472665257377,0.05679795627913334,0.06900155844046987
0.8346921691786671,0.7327327545100387,0.418505580337469,0.3590360341111365,0.19323182619001128,0.18550763877271256,0.1946622664842945,0.1518868582387345,0.08895679569607164
0.7807855233109053,0.7743432481005081,0.524015447862586,0.40853524828209975,0.21538578349833276,0.19431197123127933,0.07665857379503369,0.1992262571933701,-0.03352744178201236
0.82557205892447,0.6523936725532391,0.43174804714482073,0.3640368533764088,0.3407402810331306,0.16718201816576417,0.17426204263093373,0.11348693143727204,-0.018094997053584472
0.9431762791589378,0.7997879769491016,0.4398082957610474,0.37958664914778295,0.2321033565053001,0.23062953980261253,0.14785750928894276,0.13030956335772825,0.096527152365637
0.9455689318637399,0.7795120494690724,0.5332350734217365,0.35625642411280806,0.2036046198829427,0.23083517229343886,0.20092155163900707,0.13956494876529776,0.04316820299990594
0.8767039920492025,0.7154146112939537,0.5187946810494166,0.4254443961609271,0.18180621551835485,0.15593708852042704,0.06182718257080912,0.0677181595031344,0.013430636283148938
0.8940369640594618,0.7591733341493159,0.5014510917806095,0.34146105775429886,0.2968727353581694,0.10663173075618491,0.2059431904966259,0.11912776275338971,0.12477058881563173
0.8603022632394025,0.7429083940299659,0.40318705971735536,0.3833442036868206,0.14958065616579735,0.23743345155605086,0.16774193692676648,0.021060116897009068,-0.03561190445623938
0.74733079066575,0.7780517057886244,0.4730224215204538,0.36077435117872975,0.21603552665823683,0.12543753286851672,0.09985399935452352,0.1732674544692463,0.03871401800813094
0.8677335549615591,0.6717760812249157,0.4671097556732194,0.4423051270862262,0.2626714328408248,0.25968296307188127,0.293648344836847,0.1348550043575932,-0.00519915625782684
0.8429904517538024,0.739935935306922,0.5022847261575624,0.3928544421414839,0.27338954325804365,0.1236723523910271,0.16202029279599015,0.13219851976616423,0.09808482043547584
0.818614960314834,0.7457782894019533,0.4629572245419964,0.4366010878665896,0.22849518183865372,0.14292307023595485,0.12028270195349876,0.13792181354608524,0.005451081542536644
0.8404976210202119,0.7297053109911765,0.4417701595619574,0.37676660352249713,0.29125318855488846,0.1935718098850066,0.12821238871299956,0.04237786040099098,0.08151689374515833
0.8926525083084085,0.6338865653195783,0.4777503882226238,0.29457019601226003,0.2931983843008938,0.1026423838355758,0.1363408908973333,0.11204092593275242,-0.00030296603269139993
0.8476684742800538,0.6715388970653542,0.44418432665622043,0.35586294925670164,0.25289408968521365,0.16461511760229589,0.08397047196437422,0.07969334499333117,0.035575716227419264
0.8034556073515055,0.7513773036115291,0.37619358022311333,0.3715268038965225,0.2200167823016507,0.28366159771780713,0.05562770036297178,0.12121161878964913,0.028693288082948964
0.7782147058790714,0.7558489528568122,0.44115756645402737,0.3786907848594572,0.3044464515388535,0.23673107628604056,0.12552340907653425,0.12420914178440828,0.00015323526312197022
0.8583187230667768,0.718311539937574,0.48390645116114345,0.30928900339331716,0.30122617054816286,0.2800504470868025,0.1373299715397399,0.025514124626183965,0.05051089796717221
0.9310031262659585,0.7059715857873161,0.4726044216367168,0.3936347522769871,0.25027280773638116,0.2926546618063059,0.10997568870655411,0.14036363938139915,-0.02041852346709358
0.7891237479618052,0.7433416426397996,0.40775928567244263,0.2954783419225493,0.2642330085830166,0.2819434406630073,0.1829619919405691,0.08120013371899845,0.0738263892236909
0.8990529819560247,0.7932103859602145,0.4506213159355914,0.38053390059097414,0.1744434400943956,0.24126281852231624,0.17651235290568126,0.23142317206697816,-0.004745738788717993
0.9765783819940954,0.7283276715827139,0.5342131553290242,0.2727471085764124,0.21386711164387356,0.20738283224952198,0.21158660246465033,0.05586914999572705,0.04561189546774815
0.8486165541013321,0.6573936791033977,0.4881597427722398,0.2890049460745684,0.28593322175080976,0.22697154417329105,0.09471286844299966,0.10966621289028775,-0.0051679259905720865
0.8568637431508642,0.7438870971798304,0.46946297633540685,0.30124837129237847,0.2317197659397007,0.3002306063391279,0.15933315203221315,0.08790695284058511,-0.0053665635671711134
0.8465103167713994,0.7357116253743367,0.4071105539812646,0.24969084725123708,0.25150142898953576,0.11431884928451125,0.16209578012124304,0.13321287975612747,0.026417307778065988
0.9489234070250777,0.7542968553089775,0.47157670307159394,0.41065654450343425,0.21578766826322515,0.2082997537651442,0.20163250993083004,0.15673741253980586,0.17392843622727117
0.9143704951975956,0.7391705356771457,0.5167536027080791,0.247149930154529,0.2385456486093698,0.22774995371417678,0.1806736165243695,0.05933950662855962,0.011071392783798727
0.8494939021146797,0.8275085303034351,0.5242925618903949,0.401009676273137,0.1571613812142673,0.17972595319268325,0.1466785855755385,0.07811343185555561,0.11985004428987167
0.8218026177352031,0.7055807724896995,0.4148788427482022,0.31535342656479415,0.24598378951165892,0.23611432417823938,0.11323412710101088,0.124205698947625,0.08912457040677534
0.8695994732908624,0.6766366579433947,0.40759512875948944,0.2951794181943945,0.29129131417223375,0.24684819830091667,0.1452749244446016,0.11903161365752027,0.06435019828086483
0.8333419946294547,0.703482456886646,0.4159306211667151,0.38742479915821143,0.3166503436060064,0.18519322353981116,0.15822832266430506,0.08407348396236179,0.0036654216754980137
0.8995936314057186,0.6596342758360397,0.3795903358631963,0.3565173568081499,0.25613154240268005,0.2562183304864784,0.1480080919647092,0.1389968993269241,0.0931485870792899
0.86792152982238,0.6391208317217707,0.5130714428961392,0.3832584323003012,0.37297865216156945,0.2468524153978426,0.13289589688232872,0.0752974204848104,0.10634060548233404
0.8133080388605196,0.7662981565552904,0.38784676033117405,0.36215227549373913,0.24947038715276754,0.06099845867850595,0.14225060130013759,0.03662636797436075,0.039709064557539614
0.8379351049019014,0.665512061794217,0.49570671930002674,0.37070265155075444,0.20921987653671847,0.21369677947270946,0.12224465081031673,0.16343019781747875,0.053797402394106644
0.8555294875194194,0.7569754900990655,0.4261045673743873,0.3246535819779697,0.24535491401027085,0.12672285284522494,0.1780367721148829,0.12562596205369247,0.018775378523839564
0.8215006874503029,0.6396651630532282,0.31185216249196046,0.36130506984263855,0.2168152885823313,0.19572551941972527,0.13088005646335038,0.1153970928310239,0.10710973191311814
0.8691330868563149,0.7105244043876333,0.32420691366837706,0.34255659607251027,0.23576066176945865,0.15121774603935131,0.2199620191872576,0.10578402475079077,0.1176243717733541
0.7711570061603894,0.7666614771908765,0.4808725835724658,0.31582764983356043,0.2708520636456334,0.2127477978018761,0.20396863675569687,0.12446201427728475,0.10913527886978479
0.8545481566271058,0.6608760219173387,0.43264602319441736,0.34099795256672893,0.1999905689521968,0.18048255969706373,0.17186053488845482,0.11974844005420404,0.060725906274908634
0.8181022975065203,0.7198260738413631,0.5083695492845299,0.3984720532710797,0.3108050990180195,0.16191669932555336,0.15557677935634923,0.11669381180334688,0.05351667713270258
0.6719863606626518,0.6850550297004958,0.44083601123088056,0.3198077722191589,0.15439804920631328,0.2321377838949044,0.15383029163036116,0.03145762859549514,0.016503055288446103
0.9374260275699332,0.7115264587370227,0.3430201679943997,0.32519645745066,0.2746191398207226,0.19087456172030987,0.12277177438250363,0.13187754244372193,0.06366141471739747
0.9115293650063271,0.7047396165828921,0.45074456212474345,0.38574274834451433,0.17168605035801626,0.13203135479047196,0.03191763951818788,0.035022610059892684,0.046154138441122046
0.8295095367929379,0.7255183319414132,0.4096984970683823,0.33994370977832233,0.19918164118801324,0.16598619269066264,0.17329998970525393,0.11061359389442789,0.024042762711751722
0.9055255992101748,0.7163445078505505,0.4592027736658632,0.3518319004988595,0.24772018296524054,0.24329029832402904,0.10717962299798614,0.14234931164209857,0.044199134829014275
0.8103372879719505,0.7517292810671501,0.38945526444157863,0.4833656846950627,0.34509710201740074,0.15995845032377506,0.17107741160338194,0.10136254611770577,0.017495776030048933
0.960931868847507,0.6994072485434348,0.44475186638052366,0.24980710055493902,0.23305403148468773,0.16509321400922478,0.121109003033268,0.03247308034172418,0.06708427251312175
0.83534197867855,0.7234096739373072,0.48993670976149756,0.42724957981653483,0.42221064260876195,0.13647699614902725,0.06423162598757506,0.11786385519223806,-0.03271173029390795
0.7830929703696035,0.8017800225025964,0.5194604133282646,0.31569950768107563,0.1776314787643281,0.13028670553027155,0.2553722521563644,0.09963434733871042,0.02527023173091537
0.8663842863116396,0.8093985692915094,0.5398063548920595,0.2884219214865508,0.1974410960902166,0.16146402571765098,0.15190990475976615,0.11976965207263238,0.08801335451388019
0.9457948377075414,0.7198527258222417,0.4235189691528321,0.3219930106031544,0.28410994648964943,0.19364829617855764,0.1074356005855408,0.12077620791485816,0.043577574818279174
0.8820952075663921,0.8518832923410338,0.45209821329716177,0.37815131082781944,0.14751695496540795,0.20366076916390385,0.1337805665292245,0.04536506682877855,0.05029067624439245
0.7640310996387841,0.621997144503562,0.47417304904549307,0.358882525848392,0.26707219373374286,0.17719818775394228,0.14458749957763373,0.05521945809538677,-0.0058742805979745474
0.8208609363090265,0.7593951840986806,0.3506351668479364,0.372436283196527,0.25034645836793606,0.15086494982306142,0.10043044506413407,0.09820744407476548,0.005724864242471914
0.9646686186079487,0.7333505700983015,0.4057387709111498,0.32169842583184116,0.1999334882288536,0.21256377623071834,0.13044319147867453,0.1369492699891685,0.0019721934658643372
0.8988176124266293,0.7277047102975824,0.45397270194355344,0.3104339160589145,0.1969554829965456,0.19637179789180303,0.1565957969706958,0.14971840750387427,0.045550024627496834
0.8459103056734838,0.7079023973798501,0.40873841387151383,0.4139411376704235,0.27950733685231205,0.24992377316030362,0.10443535455430392,0.12791993119826045,0.023789893969121473
0.8897979013364608,0.5605002892723329,0.43336683061032893,0.3690152143511965,0.24517969753696275,0.16935800222016248,0.15904619823185148,0.0682507297950643,0.07383522615063164
0.9109793103685141,0.6987882985336997,0.47636760109453324,0.352544103054058,0.28827184840696174,0.1906870698683282,0.22098829820180663,0.04312468814912418,-0.02687538042982844
0.8837079028035127,0.7420030338489338,0.5051747598815189,0.31047716963173727,0.2292260293598041,0.19702390410843693,0.15628907647023035,0.034762694113046486,0.07307070805174795
0.931142902190371,0.7332237995656266,0.469490261260429,0.3084125342620982,0.20584669636423727,0.3308974409741137,0.07272062524758341,0.08270181182290906,0.05169811061786881
0.9240835731841333,0.6830983272890342,0.4420674537745033,0.3296035752117906,0.2579073343641157,0.1952387693819893,0.17025663283960663,0.12373754927185475,0.14448880325175723
0.940426253303191,0.7263824788466277,0.5225720296465013,0.35879377119431305,0.1421880455831555,0.21814800692966008,0.14724391379128274,0.1822284705440197,0.07006240722590525
0.8382454838744249,0.7303861942480725,0.40647320240277335,0.3769542880431317,0.27616673025508764,0.19412335250657986,0.24129414076508948,0.10095705660346374,0.10238396916991316
0.8840177648483172,0.7078039941577001,0.423594216473524,0.3582718990308837,0.2597882353352529,0.28755427584063764,0.2131231339239169,-0.05375706601842553,0.013710107853226843
0.829653312627694,0.6475223610421884,0.400238271706885,0.3333330179272655,0.20685470519741259,0.22059972344160683,0.11576784685666494,0.08837389918399667,0.09728823374330359
0.8442736248937548,0.8298391084651973,0.491934865743387,0.3792568407628109,0.25697041705926543,0.22248770356151074,0.1381753901619011,0.17979754528106728,0.08576173155290823
0.8869120090711496,0.6754330265765728,0.41064272573263716,0.3232092203615989,0.3173571645778938,0.2084322371004748,0.23506674324811117,0.06886474463291459,0.07869629375751643
0.7830255312907447,0.7419904370012735,0.4877146229191766,0.26707020420519095,0.24221916124542256,0.22052493412461385,0.0972940895653733,0.11748955202315722,0.07912222052808081
0.8222413860470535,0.7166184984467693,0.44079934618396605,0.4058905054861665,0.28738782476772307,0.2223692405781137,0.15202189349575007,0.14090259233622845,0.013470681093219417
0.7300295965635969,0.7714154694873105,0.3938925059012562,0.2733789722603795,0.24376941012818704,0.23166243829043603,0.11242794359118737,0.07841845825616955,0.03335323883107326
0.8176867472324665,0.7044735710224352,0.4575716701732522,0.2953045556333404,0.25217161300417984,0.2086883816689148,0.08694970068257718,0.038236822196726465,0.058870516793797616
0.7918696878523095,0.7311227635525771,0.4281826944216749,0.406907379519726,0.2956627503667941,0.21490841634724459,0.14245232787963402,0.08326244666339712,0.041666464719820995
0.876934671512369,0.6823135902743336,0.473652667974948,0.259059224167528,0.2592616768813116,0.16606281021503666,0.15467880830296757,0.08687200138977472,0.03346718485587967
0.8941348760390889,0.6546868049709511,0.43485996990581566,0.395406665329766,0.23563833281607655,0.22109810706606434,0.15238447072537112,0.19623745932541795,0.06475111817833273
0.8148248028316739,0.7470589005495208,0.4779880716070223,0.3721931544036491,0.2960593627352839,0.1781810947966905,0.2042469211550642,0.10145311932986611,0.050938876915469215
0.790583910790882,0.7321002277419901,0.4489459614650682,0.3164426179691101,0.19431992887532362,0.12028366691099376,0.20897693770955061,-0.059572303410618394,0.053419130034403316
0.8615154394536216,0.6758939812486849,0.4651852969097141,0.3296182573570473,0.25040786112377583,0.1836051446772186,0.11624364496881698,0.06124656791525368,-0.05003632682189141
0.7966637550937932,0.7739552087143614,0.41689234323656216,0.42648061415165445,0.20766314701305408,0.16965011210492187,0.18547383595993416,0.08599145413983769,0.04826531001921135
0.8851155469900064,0.6902536887067872,0.4484214727377194,0.29275994421562385,0.27124268289759995,0.1674737402490238,0.12576585716329491,0.18458709889209862,0.06345962062547442
0.848287543044158,0.7103512370754199,0.48570192497089737,0.27886584283845595,0.12217868421542469,0.1862595730208565,0.19417204642889035,0.021997653824518806,-0.006410781196446093
0.8088605216835536,0.7259714470942175,0.5256312768079474,0.3625956749193139,0.18582768242197228,0.20302930358651874,0.1913229403618974,0.11360294203362963,0.031173196259847324
0.9221979846449757,0.6848696572815349,0.48590413086256723,0.34284497773601236,0.20314363132700408,0.1691242035684194,0.18505126125305968,0.0970012486390361,0.011330726744989
0.8152717133863102,0.6926861708423617,0.5072315625103743,0.34040999047712456,0.22481935247337417,0.1935812470874835,0.10995376942179985,0.07441113598594883,0.02347313966716973
0.8053983434528311,0.813413622559551,0.48282037355726887,0.41627919364629035,0.3047182564293537,0.2349030002191698,0.1739635108398141,0.10022131965574362,0.035725889870778176
0.9070056341141678,0.6708048336098884,0.46092405534843417,0.3700345407325761,0.23176798155477363,0.1388000749108746,0.20150455690718108,0.07262777225037245,0.10165017373862988
0.8068971949735376,0.7764083644710282,0.46554819396696034,0.3948888491504198,0.19618377880206717,0.11301287909254512,0.26279172901219966,0.07966266130011548,0.03542299252364725
0.8418756874807627,0.6839273139084827,0.46290259538126965,0.30962106843208376,0.22644642987160996,0.17769971364154,0.10240695354490224,0.15929407530347472,0.1501339983182365
0.7670275997634345,0.6872048343104695,0.4959986788691666,0.3388277024350237,0.27880235892025607,0.18023975803317277,0.19093844155780051,0.08398986711917035,0.014870572005800498
0.9227460827515367,0.6616604839404618,0.49031495213268395,0.30858227013898065,0.3074457590146604,0.1819150420284399,0.26738098578718156,0.08863804078090316,0.06557467873825396
0.9527613319184548,0.6516632916247016,0.3810596978570104,0.4147838678297386,0.18743433438973067,0.2911864690181951,0.05318657185282423,0.10447106746875776,0.06079373660213183
0.8223604822152025,0.7024973264232653,0.38322819349863774,0.3443091505990202,0.286567669604444,0.11716436962071211,0.12511960341484824,0.18535665252068048,0.06613439237021543
0.8385627250709655,0.7161421859335244,0.4202062447027727,0.3098596663654092,0.19520827984726985,0.19448813897518016,0.2249722122192913,0.05434774082048477,0.04740714342170503
0.836146732441947,0.7216072023591509,0.529690215370753,0.3646189662175353,0.2548247593668846,0.2487488537675735,0.1372215861589454,0.026272891881276975,0.06322689886154113
0.8763654531953781,0.6690854481225182,0.4678476140738513,0.28545458923262657,0.2422382665813816,0.19115867590602795,0.16254141841523054,0.08360962540089473,0.07960517962739824
0.9036252057505071,0.7592063934044578,0.5128763216685113,0.378535365609027,0.27356525449105573,0.25154990647865555,0.23822560948099963,-0.0018103184461573385,0.13124442654491358
0.7739353378145675,0.7019749961189241,0.5186649803960345,0.3753145813402699,0.28533699133039586,0.18329006685153743,0.15683948124625804,0.11523594520408442,0.0812496385897039
0.8643336586105921,0.7000362700283878,0.42123563756320714,0.4765480176689251,0.24665218253818214,0.23947591213758754,0.18794741745910698,0.05996453036005768,0.06582528306002457
0.8340674403180709,0.6932737689326134,0.5008859458320216,0.29181732524806503,0.19511886358018177,0.24364162728412897,0.22721624701727797,0.05773892205286229,0.06497066535142992
0.9413980625820647,0.7577610690324877,0.4768237947545501,0.3805046617363608,0.2295769130027716,0.19175131135204998,0.08465425291909337,0.050328341314281905,0.018548986275741308
0.8392513974152023,0.7459319071084713,0.3912466742947708,0.41592583453079685,0.3402736318856784,0.14090287598267626,0.13639998416035162,0.08233683661264922,0.07336333539689585
0.8307471055863509,0.6761101898325415,0.4781299709377066,0.23279693334802715,0.28036211712421005,0.23197043296314843,0.11786991536372923,0.12194577574554019,0.011754117904242807
0.8556871770100615,0.7587588956233656,0.42002985835213963,0.4027261908442584,0.2035576387532433,0.21055417543364366,0.11423630733327594,0.13542739581606222,0.031519628424700366
0.8510093027013884,0.6917124450039989,0.4751671845989112,0.39290833981660955,0.15809355488231738,0.21266026392123408,0.12492792945464248,0.05087286377099402,0.0493818581869195
0.7780088530398979,0.7822969423627902,0.43614040813445504,0.3600852552834187,0.312815909680605,0.16066781846429498,0.16452850198409313,0.10653933506190844,0.07136716237042476
0.821555632098792,0.6761002396632967,0.43668806280404937,0.20840254198240052,0.25287554374998666,0.11007610246906792,0.14484567885371746,0.05468376863273819,-0.010260485430972702
0.7910915347251272,0.7818916491841741,0.4332009074282645,0.2540737823979985,0.2743609934354806,0.24769009600155895,0.10743272094253883,0.1832309956283127,0.09392786952380415
0.8812695231195246,0.689287807812522,0.44624345837947577,0.34314824928065824,0.24112044710313468,0.2093375885352562,0.02890019914766989,0.05078001471647511,0.020012507292193955
0.8470917081868016,0.680553264788553,0.4387641910538021,0.3583634505495656,0.1954814691934923,0.21667265926538984,0.145972671566258,0.1274601434045133,0.142716407660828
0.7776728168921652,0.6899442935076211,0.5095046080551822,0.3547972120334715,0.2293518003375003,0.21205099621409898,0.10768159287415185,0.0687580145234995,0.029305269690918137
0.9247511048936368,0.7345344988196204,0.47916134173199176,0.3838582050767545,0.14045445016794234,0.24295491472232505,0.1271179996091351,0.13316329948061795,0.11089248551293901
0.8323679253672517,0.7148064257317897,0.4631167145887124,0.39126118094961626,0.3249908865727778,0.19958469308176777,0.11194322291687103,0.04175435096685923,0.09663896284886311
0.8752521118576835,0.7260263238305742,0.3965839507811691,0.274950058802387,0.2803435502541278,0.10801743121331081,0.20504278921448763,0.14597967621070973,0.03888022864762786
0.9050630310483255,0.682379388367592,0.4323365646735374,0.3652047955994134,0.253682391958303,0.17078533719425934,0.24365562123748563,0.0486389513378879,0.057088772934625796
0.7947582426078255,0.6404670931466517,0.456153451918162,0.3360689767992071,0.19179065758044914,0.19122644194544644,0.1432610569838401,0.13555213049247478,0.009306263885804793
0.9137156523900147,0.693216216302413,0.49991564419644663,0.34452919591126174,0.18810529797364747,0.21279662107527092,0.1697306255379902,0.08723595657488739,0.06414387891385445
0.863159396815247,0.7114900648204432,0.4364257232627712,0.4296295530159849,0.24486108508348506,0.18738918167061,0.13065045627276342,0.0930098194052269,0.07907265080485121
0.7950484922776655,0.7488740641003655,0.5459709558053907,0.33294227754774575,0.24248160236234806,0.28004842660018087,0.14208619665102054,0.04957952919465214,0.1779561231672711
0.7764379562050522,0.6851524480006486,0.44886270708731013,0.37167265249866127,0.18881263972387005,0.27327299953570444,0.13714205837059204,0.13161596966382785,0.06721611201165052
0.9521210518502606,0.7167389503068629,0.5858399883384973,0.38896233909211175,0.29716261475636313,0.22460405382927778,0.04596029312592001,0.15254195817254265,0.019516963236907853
0.8835189953263506,0.6188526008875481,0.47627268072081697,0.4376442656795039,0.22524241668789907,0.2678050703439183,0.06973468097576234,0.02026810503558449,0.027111622059161507
0.8508670051836918,0.7352071735099533,0.4633314672607455,0.33392200498604424,0.20360650217419166,0.07363076007572156,0.13503226620209985,0.1068620591511823,0.06670498203371414
0.845672447092044,0.717358625579905,0.4741470324378753,0.3824659452276211,0.2880332526028592,0.15798560424591418,0.09170119116240863,0.04255466299445291,0.12586958743257376
0.8404630855921955,0.7469911440873193,0.4129851935279945,0.3364835267315888,0.28897721841073004,0.12559389524882605,0.1849456422523715,0.0323712474239352,-0.009336467728493412
0.8666804102525201,0.7888270383792516,0.421225765307742,0.35102140581121405,0.22396810626227887,0.23723452512256474,0.08367771651991317,0.08613618195667273,0.05119184206677983
0.8389672411024823,0.7612084194992089,0.4490284271490158,0.37147901448999987,0.25199716395911426,0.15462863737257718,0.12707841572788003,0.025480387461421825,0.0037348119862112422
0.9382401147399545,0.713369475866972,0.518605007068362,0.33206620497399936,0.20826937507893015,0.14695260882042374,0.10965807926554243,0.016539904081233375,0.052480365602955104
0.8418885546670339,0.6917943577922303,0.45099826577082114,0.3897800885355018,0.27298682261792273,0.16874915284715006,0.13870520417448845,0.08363591322041172,0.08001496215321188
0.8771052230654073,0.7458089133414223,0.4263149898392293,0.2489075352780219,0.1602970254218994,0.20556500965741398,0.09643616991877102,0.15351242630005874,0.06519102185369313
0.7782034708304751,0.6829406491894641,0.4603310115080869,0.31661110587286484,0.26244389958013964,0.21262266014500736,0.12867263852623978,-0.026319243922352575,0.1238075748358608
0.9388462699597111,0.7691971944754268,0.4759099998492843,0.36635097182912835,0.2623112654366446,0.07736960699035661,0.13514222907896542,0.1782576167538736,-0.11947245328947541
0.7601115156806884,0.7038015811265276,0.3590109673043179,0.35885156134580093,0.3167718543145783,0.12076955631075202,0.08309299193464766,0.10900768332731509,0.0036815128271292102
0.8546889962094631,0.6904862272002581,0.3754126191020235,0.43783845378706987,0.3430941927939604,0.22872448424364136,0.17013669798726438,0.1443602059955781,0.05631562001501694
0.7830529606163832,0.712721747594877,0.5063873847947844,0.3763314540357022,0.2812862327058422,0.19716385371350398,0.20638206288369723,0.12056293951435504,0.03927163624253161
0.8597972008127406,0.7167062076071284,0.4375735917409319,0.35157090185633677,0.25556487332028294,0.3006800649123651,0.19590113214315055,0.08131174106314476,0.02875621758391036
0.8239952551286585,0.7099280246659312,0.5360859790517217,0.35489643353196315,0.27141149402952497,0.24763053498249415,0.0710731825920858,0.06723882465204956,0.10922273981346348
0.927203061871531,0.7649924813299844,0.48526619218748007,0.38333767356245824,0.19585894979718887,0.24478426911486798,0.17668062625744696,-0.012984077765544041,0.011613508700858699
0.8354008678997809,0.7754251949264128,0.45751904693386886,0.40425936159768533,0.2761083434903235,0.16720456131415473,0.1420625951724149,0.059400509988883556,0.1092041804695551
0.8597204013767978,0.6331442521216848,0.37912155049644,0.44896932658990046,0.26231615707881106,0.20903749409437028,0.11151861704833195,0.12426362029219956,0.09439447014157527
0.9258619942814946,0.7148151541985724,0.447532824217284,0.4043865214018493,0.24315630056692283,0.1630005425628329,0.22920920398462624,0.15952609864812287,0.13081285079138705
0.7963395235219486,0.7778745323548333,0.4326569413679486,0.3887001934750362,0.18748287243308176,0.27768011724902736,0.03856739521265312,0.1303362300916786,-0.036639312353239126
0.842372029587251,0.7770900638933381,0.4168985626891617,0.26378239147470933,0.16133367676164143,0.19171327436482177,0.09511129805368843,0.066140096465328,0.0788130748008331
0.890125662392242,0.6310144606911929,0.495159848932051,0.3617549854020235,0.19078738817576224,0.21556881307458453,0.18615446838678495,0.1062496879703761,0.03601841892844626
0.8669426344072375,0.6936804451177209,0.4765003246030633,0.2505885750421859,0.2355679946909165,0.13305470737694058,0.10377530477960506,0.06522394813246127,0.12877637497233402
0.8446043583644494,0.6555440895471623,0.508671316590585,0.2963093812705986,0.3230872474927534,0.2481718094304944,0.16897763811856079,0.041727020707326284,-0.026441737671224166
0.7628274225658572,0.7180003304780738,0.4701117546641092,0.31272476928315024,0.296519463410844,0.23628007375290605,0.03339575441535528,0.07597507967111677,0.15058229220832525
0.8269563548645384,0.7179159742052214,0.41015729780821547,0.4364217418395525,0.2958215283238522,0.18503186868768404,0.1841196544105409,0.09048283742012551,-0.03389479208297884
0.8728705272707248,0.7214282478117896,0.5070230435521155,0.3222785221750229,0.29533794338557245,0.19616717289183921,0.15063145935532427,0.17952563169650626,0.028980550082875926
0.872107517834856,0.7464977910878408,0.40304955158151856,0.3276999272945428,0.230098072692272,0.17734484753970675,0.1808576753775912,0.10253533168196396,0.0950043606421118
0.9175556753991657,0.7449946243300455,0.4763345835031229,0.33240579259671416,0.31158042112924295,0.18754103809605474,0.26473752288442387,0.1060343818671612,-0.020812475245195985
0.8048625137786805,0.6686994410561714,0.42909418609540034,0.3894363179220509,0.16952505949897972,0.15425577413378272,0.12437046451342829,0.0397634409601432,0.03393354075719657
0.783641834066356,0.7514133061632665,0.4863499412449208,0.3376298322769061,0.2786948127534448,0.1678668132860342,0.16018280060689818,0.037445537502509785,0.032975319670365134
0.8121073279652957,0.766093685290814,0.3779864676777029,0.3098442949915858,0.29267527522192893,0.20770435472469848,0.2173561588839808,0.042789971792200523,-0.011632886017935551
0.7933302049997647,0.7809680598738995,0.5050134864438091,0.3323971985328182,0.3275603645291356,0.31508194014205615,0.1679838569867307,0.10539357522369326,0.05904782512456786
0.9258362851417226,0.7387370985718065,0.4981766312048343,0.2951351715436283,0.24005260985424048,0.21752922519977133,0.12410756285350867,0.11559061086726839,0.10307476189341576
0.7439923600397949,0.7613675058525615,0.4535827436593404,0.3155617013146847,0.17368680631364775,0.1536087801499172,0.04941262968113874,0.018516655097383566,0.08387065053434292
0.9651807922625723,0.6443978016899301,0.3737148466092206,0.43592524049644465,0.22876394673798245,0.22647583081826078,0.1465480967530756,0.08214696552474295,0.03216435737603521
0.8209161031215402,0.7885171474665881,0.44549447479525744,0.3890148851884169,0.265550023183867,0.21977379236187145,0.15947660778399578,0.06488756850581506,0.12877095834139052
0.8210187272938465,0.6794117400808185,0.39332163554457644,0.35194332347919016,0.211755593907914,0.21146802734305564,0.20447849768307907,0.09159518535335108,0.0694055984258203
0.8650577778249509,0.7697675406006657,0.5714662728424628,0.3361403259216663,0.23535188428817921,0.1454311999539007,0.1691288549587333,0.18771231449793507,0.04432611860589824
0.8618663615738046,0.7006120956151212,0.526435203072192,0.30790494969920995,0.22012181273380063,0.2061284599796758,0.027259515974225837,0.10111143930316138,0.014265627322433173
0.8638232365363325,0.8282595949571178,0.3977676670437805,0.3414154478678316,0.34837074407945423,0.3006237953055182,0.20669641148302917,0.046729072667831634,0.11237914335642912
0.8397815504123594,0.7403231881353031,0.5134732237286315,0.3624362609946565,0.36128559356457535,0.2195160173858393,0.1105827797516156,0.1354163129412938,-0.00033202893416358487
0.8832850448725478,0.7408111503837268,0.4505403588882801,0.4688684935211361,0.2322177698475421,0.21963787183457484,0.2320943094565642,0.05092821332335046,0.020551585209640844
0.9169664188361359,0.7765273360099039,0.44028067123727094,0.3104479061366775,0.19408525891176442,0.2527779184641782,0.09288679063023117,0.12063733673705507,0.03669469515087105
0.8495373728940591,0.6903926336103628,0.49409295540584186,0.3678615530421605,0.25273956841398043,0.2838578609091108,0.22969826202491453,0.11118703172167603,0.048999526461756454
0.8667948700361598,0.7408959148320721,0.4307737806593638,0.38197984347969643,0.20185912498132702,0.342159656644629,0.11509201278568154,0.10901663300502461,-0.020134355894228365
0.9682875367717321,0.7835401451443119,0.40508523429523646,0.432097239798595,0.22937981646066252,0.2406168684700829,0.23057529183106162,0.10524618696980978,-0.005396212325691707
0.8457406958883829,0.7892847720767471,0.4499700970231294,0.3797641588196953,0.3349643194540802,0.2094020737287953,0.08976719800552616,0.22796196853213313,0.09053075556833264
0.7856764118256587,0.7346808119460896,0.4073368969657149,0.31205918814548395,0.2737746538875805,0.1568623686722799,0.17264601498748472,0.1360328585674584,0.005646663050588051
0.7589159059167823,0.6314716649745121,0.4890858021553844,0.3619811459203538,0.16924864667447154,0.28871268911272235,0.0631869520488398,0.03988266141910585,0.03857844458223296
0.893266909614245,0.6958230311024232,0.38604181879683586,0.35827325306768915,0.2887802137571812,0.09151847353971765,0.10887816359593808,0.08666333484587137,0.03227430318855515
0.854298163838538,0.725442340329263,0.4579613121755792,0.36670575728702653,0.17674932000464405,0.19271746856144562,0.29482467861612877,0.14926538279508395,0.07216704612965232
0.9407742082913754,0.6878006592353131,0.4486313725128943,0.285561720410825,0.2660024328481893,0.22883951226422586,0.15565596885320437,0.08367502192954299,-0.04257798888731308
0.9768013750534779,0.6439484145670813,0.48503879997820754,0.2716592809845862,0.21974689569624078,0.1467966283207667,0.1156381834979743,0.11584312193299272,0.05134535508697776
0.7750481515715815,0.7205525061270321,0.504638871585122,0.3884789272514631,0.25691285105473144,0.1948330145018993,0.14944859266967306,0.1529493838499363,-0.0108586523516251
0.8368113956466923,0.6851080805048393,0.5313794362889228,0.33963357016727824,0.1908414143204124,0.1679486450709097,0.20948911098878117,0.11629606289551733,0.04496562768833941
0.8349841634491896,0.575574523675227,0.49579648923880254,0.35414025234040697,0.24072255240318835,0.22939191390775382,0.20018040535611434,0.10074172200506959,-0.015882708221793065
0.8223048282976116,0.7281924087400015,0.42278292075405416,0.32567661015868005,0.3158212697871541,0.23963407153277427,0.08734818076057095,0.1424388560627321,0.04216568942325889
0.8698965695243764,0.7923150431579287,0.4448349964027005,0.33649648301445456,0.2540111330291156,0.18352029935081246,0.1114296314316453,0.13319792866204222,0.1121830509139077
0.882780321311072,0.6907396511794678,0.47686850084653165,0.3483300327725717,0.24524862467491604,0.22526171282795476,0.18320536243864935,0.11082570167195237,0.06920601515840533
0.8975664593832693,0.7150829573215389,0.33838243443052896,0.3783425979624329,0.264712198511232,0.15178819032664015,0.2150479146389771,0.1029127612889687,0.08608176037605744
0.7839896086252859,0.6968771951515302,0.5938923165867723,0.3403769829571535,0.1588642785836103,0.16259675181203043,0.06446187134902517,0.03229417977692495,0.12961437992339206
0.7837914444730697,0.7121912346388242,0.5688650099724434,0.41382942125479855,0.2935751074870396,0.2452317680487702,0.06579665420909532,0.14697893236681267,-0.025112393662002047
0.8334126884873483,0.7353375434368049,0.43162127422081803,0.3168493481865061,0.20115103096180628,0.16431038215842686,0.19151236118288625,0.04691521677509774,0.06684832441955461
0.8959930159482041,0.7113582366127945,0.44084881726558695,0.44722484822264325,0.207309919569797,0.2656575386529188,0.14923215381811553,0.24872203874303556,0.04687538663400426
0.8206444878274145,0.7468525639051935,0.4013058713627036,0.2987307617468743,0.28799156451030516,0.18760559807333482,0.17045813572803964,0.021317555196660093,0.04499167694501202
0.8326864026835945,0.7561577684643814,0.5077440118554672,0.3985254277017912,0.2818486669787246,0.25873408287993077,0.17515666790929518,0.08052785967189435,0.02714046775485518
0.913308295998634,0.6486184033497211,0.5250830519138358,0.3346421015711226,0.1605702793620828,0.25173624487166874,0.08721846452456483,-0.04435077774744117,0.04624919912870912
0.9330562133678679,0.6448559985527452,0.4354510820045463,0.3274809315742076,0.27474549106233703,0.20578657268131892,0.14730130779723336,0.0913158676931124,0.055334989713286487
0.8239297334534171,0.7062098948848086,0.4920403704558446,0.34724396976220495,0.14649460653970808,0.1919201381227833,0.1364832858309354,0.2065333925015944,0.022575092687307303
0.8776138895930851,0.7414232667320102,0.4940059917474753,0.41492832312212685,0.17875314923863583,0.13122941492546147,0.1605835335680743,0.1944438097466133,0.11932806502677766
0.9092259276335275,0.6760251758839224,0.36722348211314,0.41667652953129275,0.21832029323727575,0.1711185353875793,0.12049145929825322,0.08612947231494916,0.06292211336594741
0.7863373302651304,0.6230460754058366,0.354285947085875,0.45240645600343543,0.25859342104573924,0.14453256047030333,0.07515494124511439,0.11992477373023237,0.12306626684300717
0.8798879898547741,0.6755631207489048,0.45737225773590073,0.3143258962156785,0.269225290815669,0.19179283167896383,0.0690178634004311,0.07852709107673896,-0.015316737353925289
0.9042597818547108,0.7033596425198223,0.4140707869336911,0.3096877761016628,0.33254893674248165,0.20216569515933855,0.13789154450625155,0.07634754968760671,8.932148375558752e-05
0.7859212548342787,0.7215830717765495,0.38266371731161275,0.31096270179560165,0.2636838892967294,0.31479025488788215,0.16195834338846615,0.052747460821897824,0.11063430731402425
0.851290662570223,0.7272495742417033,0.5163789756004016,0.35624138940782,0.3273049417073884,0.33403663651912785,0.14055371202569927,0.13312615663935534,0.005165774487404726
0.8483647045848142,0.7550762534517735,0.3786827667536746,0.406913368477301,0.1888723588612327,0.24822319871592047,0.17879210916903593,0.10821980789446964,0.08882035210458515
0.8263728808963934,0.6623087235888225,0.4667400798829553,0.3089056107968766,0.14319805517234713,0.21747647994793362,0.22478312638486336,0.12257576865617222,0.05302721427201969
0.8058629518310869,0.7000361409573201,0.43299747285759804,0.39483792561879894,0.2236747271970829,0.2573056329144361,0.16362525584270546,0.07332126284429287,0.10440041450024933
0.775895624944509,0.6940067707712936,0.3099270608326373,0.3357771098176539,0.24288726626194995,0.08383069758828565,0.1317386410419008,0.10260882565295679,0.0354958764957508
0.8477568066533753,0.7663015087409102,0.49513767604885056,0.45377331646566554,0.27938455000295614,0.19966200008096682,0.16723563503407235,0.09212765697147451,0.026677066721271465
0.8903354583567626,0.7792063152260417,0.3430767193002607,0.2991859798797215,0.20955226510430147,0.257933914070908,0.09884530322309903,0.05639009137387342,0.0741406531583268
0.8699680775506589,0.7403800224954968,0.32636467612242315,0.378208061986449,0.2284683778098666,0.16902560003981515,0.20807948886228356,0.07125865189920505,0.021801718790288804
0.7805195380584004,0.6738862476658726,0.5255616694196303,0.34123678539847513,0.24205268493986978,0.16512781846001715,0.20490652042178292,0.05707556545963595,0.018504931529188633
0.7477069413122102,0.687890871882806,0.4932748332497555,0.35057127749375,0.2553719774094379,0.2451797584975533,0.17805785521531642,0.12789734244276574,0.0032426378106240605
0.8326285935388645,0.7100813165038927,0.36209708876243535,0.3598669261917935,0.23432053868761818,0.24358382886046434,0.2305364312678761,0.07863858199890125,0.08219024529664275
0.8815370230612497,0.688563634701549,0.4819069861931705,0.34852653988066723,0.31724324073843413,0.21610759491534992,0.10946455604412658,0.06742198750512444,0.1679960218229392
0.8300477411465701,0.7142818184763109,0.5284100657940117,0.3694696356120597,0.25064842527953096,0.06871128516749486,0.0969556166294778,0.0433525448790929,-0.011171004289648033
0.890161021540574,0.6971592965508054,0.4970931681047459,0.3823906861616289,0.22407534241484833,0.24980706256610638,0.17094218628848945,0.09948416452167995,0.0911838298452023
0.8753013474801531,0.8005922787689903,0.4071909636626404,0.41745616757442194,0.2515194293001353,0.1979055598944933,0.21184268779622686,0.05985025006884248,-0.022644287527662593
0.7937598652879727,0.6786078732060271,0.46742913897491906,0.34539804354955095,0.2750761366107487,0.30524848355574347,0.2075850076841439,0.1094667661605742,0.03982442291313286
0.902804010932729,0.6072949653459151,0.47831060365401434,0.3427683418709807,0.2532388373725796,0.252122547835195,0.12042787736552721,0.09413217679395035,0.08508119994106925
0.895103245066915,0.6905699716094423,0.4434606126255973,0.33351933391925487,0.1889361612805463,0.19031959309064045,0.14856918749567813,0.08064991349384724,0.16243166282754912
0.8000897289649157,0.7231531789609766,0.4982812143890406,0.3707004438319254,0.2471535877868187,0.24860790278636624,0.11851453585018054,0.14109618404386587,0.027144806376401678
0.8507125360918637,0.7561454727082005,0.459027639416975,0.37227518047990527,0.27828885063792314,0.17057509833414058,0.17241247524306777,-0.008322072679063444,0.08403735665323735
0.8776984668527885,0.7442063932722623,0.4181625088262351,0.33241272951080736,0.2746567345059572,0.3272964632000618,0.11288552020218542,0.17191503268342767,0.047685975105759774
0.759176685466909,0.6963421777404317,0.4531446072968354,0.3964482893063387,0.31666237618642856,0.2777631701298557,0.14218789832771384,0.11554997874106704,0.04370508722525848
0.8728041255998306,0.684614253808312,0.5312119137391046,0.3172931180869317,0.2774326083330877,0.17302151795279347,0.1710779548485284,0.13094970003270467,-0.048573452302284104
0.7803775037780621,0.6731878320789634,0.4664680779417428,0.3018143546866313,0.225307655667632,0.20041303792926923,0.20165932263854297,0.09417378486553712,0.10832287591321299
0.8955175052734419,0.7098045219308146,0.4205034021980037,0.31894778648997396,0.20330331390133338,0.23098994109798474,0.19374850641224112,0.06855356440345911,-0.0006883410265617201
0.9506175662380819,0.7129358283830373,0.4611459592687955,0.27668871084681657,0.2721325302801953,0.21831017469991754,0.06461781064652124,0.04637196053545276,0.018682386316055392
0.8268438419144359,0.7381324739926624,0.40530391911774466,0.3872154148553213,0.22303716144162208,0.2976323619449426,0.2097253037566198,0.15782395567572374,0.04701542510797801
0.9172580790239838,0.7167877502680347,0.4592403041284887,0.3648602764688426,0.29480926932575213,0.2570401073501044,0.12276619768091285,0.14154766054007095,-0.05926746711492874
0.8736815132357061,0.7288136699796,0.4435794862280828,0.3810221997751945,0.22061648670075634,0.24189531761069807,0.2612687730646144,-0.01223735884159638,0.013693364542115012
0.8477824815153472,0.761060192364615,0.41911282166361863,0.2865964968185201,0.19276163307405003,0.14339645212455399,0.1547659487141589,0.10835044442619945,-0.03400841331409686
0.8583850671930123,0.6860230738483956,0.518722908164357,0.35305205750389257,0.19439677380597814,0.2051220597470679,0.09631111591581121,0.014930970878694175,0.10580581251272277
0.8329241131284116,0.7052604537567891,0.4144186365713857,0.35286711696575507,0.2017295672905553,0.20969218493313246,0.13827162226696538,0.1197142715473688,0.04953183302757516
0.826842164479708,0.6503596273200308,0.4400818418817829,0.33267697184134487,0.22924075646620523,0.17965382849742081,0.1519843667208058,0.16343274654141582,0.06068774841568137
0.828804523736382,0.7513439429507359,0.4140986870349118,0.32234621814149,0.3367084389485213,0.21532693429087288,0.06906420095165047,0.1309695178726186,0.06184188268062082
0.851194217861704,0.6845914231942952,0.47829272461589534,0.29947932756527124,0.27125148704454327,0.2893845972556069,0.223843145956404,0.1295857886510301,0.1016124662422423
0.7485249313002984,0.7529275042562892,0.38638612191715765,0.4030983227212015,0.23208624234610023,0.1740867774467334,0.10513014112904313,0.09184205037698363,0.07907940635530357
0.7950141862562421,0.7682307755050981,0.4541219487767803,0.44893319277870813,0.16799243537317254,0.17299921263079626,0.1857789224211426,0.09601408022108257,0.03508866935858237
0.8345927874224193,0.7166597368440182,0.4384319377808991,0.24088258982400576,0.25634566029933537,0.14289048883119151,0.11071537279047398,0.1007089135501524,0.008195320040377443
0.8505689229118654,0.7622198556251171,0.34906122598028066,0.36047465514020877,0.3211621435515022,0.19643912017626372,0.1012279911477115,0.0984434041028409,0.04583241341427262
0.8109169873256346,0.8185569434708171,0.5021691733901861,0.26328678375124426,0.43255409871367295,0.12448994493158194,0.12082192863854016,-0.04530013509600889,0.043358758051358914
0.7899595814594284,0.7409306273001043,0.4103597065604741,0.33948165185493673,0.1805500537958083,0.1810838728478739,0.23811452291656557,0.05367944983622588,0.01710685397830912
0.7693152806732534,0.6663251982660064,0.4717263529779315,0.3839806756402014,0.309676466061487,0.11830777055665073,0.12997532347958426,0.09893028733830844,0.055475238427192916
0.9293228298243587,0.7031698996333994,0.45362071186551745,0.33176120013399063,0.30949160343414556,0.22703871160914746,0.18289322813477518,0.08091989960935488,0.060475418555258356
0.8804662853631297,0.7295026734597365,0.5371268990328666,0.37939646771480184,0.30291247144491673,0.17187186654372752,0.17252493634341945,0.024400790255904206,-0.0294455441666837
0.8591272947245667,0.7596339900978627,0.5192767960804477,0.34095320269882984,0.33621339891386365,0.25244643565383734,0.14932609901151836,0.01668988380830269,0.06874108271410842
0.8729730458575937,0.6872205978312279,0.4877595309858567,0.3739328936621038,0.24309838101223263,0.18298892662801958,0.12411172528946403,0.015009118557108792,-0.030934952101419347
0.8694658267406041,0.7612738337803158,0.4609943989765971,0.3047477004347542,0.22255464249857043,0.21466833179899072,0.14592882942284557,0.18195040490018322,0.018385150200104602
0.7938635881837901,0.777707778049153,0.44827635244474856,0.3386800116558611,0.28878612750003013,0.17078051913279996,0.17797579908610728,0.128367029325791,0.12373288247470711
0.7893142328845577,0.6302874669195946,0.45937500520461694,0.23897137607779806,0.2575428002580111,0.16121646550035865,0.16426291002012866,0.13150336869466545,-0.026391197589226145
0.9051050525892536,0.6465574894220929,0.4253736354793839,0.34748836887892176,0.31247311768092834,0.20788589502464744,0.10413818565292039,0.054498865507630605,0.10538034299948347
0.8933405156008957,0.7253075756114755,0.5017696989528533,0.3586247802102205,0.2590087439443429,0.1666361289625453,0.15024515767075652,0.15891165121653034,0.03786687163175195
0.8065091000223693,0.7271499114386161,0.4459913678175958,0.37446302873155546,0.2697076710449065,0.214607078317795,0.15314636217292488,0.07551590641268424,0.12407535387155806
0.8761931239178328,0.7620901039500942,0.49478010245521836,0.3619180975035546,0.22308483721963118,0.16653322442377846,0.165650355657734,0.11794183574468145,0.07552919102216804
0.8728318275814021,0.724782605553564,0.3613801395987455,0.3289318540443868,0.30987806524647826,0.08493942324957458,0.17635687332934652,0.1353603034085574,0.03528033945872163
0.7599434314306234,0.778388075594901,0.42872199335011923,0.3518480126187916,0.3279493548673034,0.1337855390837156,0.12316728267548684,0.15958553198085143,0.057683034656372506
0.8081890583452973,0.6846345826997753,0.4564338265729495,0.3737119979364743,0.20945717878665565,0.17222452376644806,0.16227906631732927,0.08528177088224077,0.041453867417205845
0.8091048915778432,0.6345942396402857,0.442217234601536,0.2655673982193312,0.09673750617613747,0.22150021370317924,0.1831843097248942,0.04053190442142207,0.02271614634747267
0.9544518435873617,0.7474063493501498,0.48427484965691203,0.3993782447320626,0.3154374690403542,0.1850004704802117,0.13671489393449304,0.061493380117144544,0.12469001880574021
0.8875910228411839,0.8153586112211928,0.42753882038852314,0.343538122638952,0.12127636843768258,0.17669120668306634,0.1398636765027549,0.16847834542794296,-0.04133567988268422
0.8703353938317335,0.7154756557487827,0.4619152366476564,0.33988253987952743,0.22758476494010485,0.17510065103849853,0.14103406874575772,-0.012805917779240006,0.017979411736242686
0.9330262305515146,0.6457620435049801,0.4014485464057528,0.364030017743096,0.3534215318128422,0.22658939667736236,0.10258698568073343,0.0513296902108936,0.01945290829836286
0.8631867530493463,0.6908431714810813,0.360878874204273,0.32411042449426464,0.2757963709755452,0.21677865843196042,0.1184803041026335,0.0889359372539507,0.07087204220586675
0.8663788208068579,0.6745376216254961,0.394948687914505,0.328520926956541,0.31582535091135355,0.13964990885395143,0.18146355426954863,0.10444064195195836,0.08569773408981513
0.8846968431122433,0.747191707880125,0.5204277543899553,0.45328090631738266,0.17821956912747888,0.16564986224003725,0.200885142113311,0.1102851627411037,0.03229392762821603
0.8351809695463708,0.740956886123494,0.4610219345147044,0.29251377230088926,0.3112737276849502,0.217567410976149,0.17413782242985465,0.16323853540622907,0.023193552800610334
0.7214244908610232,0.6385452055185071,0.4863584323328443,0.34214981299901637,0.21042651059339054,0.17282780060133687,0.12120775422168087,0.07039959548143766,0.08376594250514618
0.8109915177955334,0.6252055421956939,0.41095399943587146,0.3900499057999691,0.1769371324419232,0.1978630718449322,0.13518342163652286,0.23481187218891109,-0.011500089156253779
0.8390588136274509,0.6751588604935919,0.3970531367168154,0.2945625639218225,0.22564992394047964,0.14317890600207128,0.1829059736127745,0.11895332350302402,0.13567449097796044
0.7720606457523932,0.7244781327468001,0.5136901510264962,0.3972615300304066,0.2618131500012243,0.18525196476832181,0.0955295792936883,0.14716545060716,0.1456101500460537
0.8120159931039582,0.7337990880400773,0.37771646470204756,0.3545690650304726,0.24877595120154156,0.24996253420519027,0.18753449555124163,0.15272967883562752,0.03130361281680383
0.8857843427751065,0.69577342919047,0.4567666657678177,0.41475130712857805,0.2279390057036937,0.20568314339558047,0.1388498627313452,0.17409096119195866,0.013008647672794825
0.7667186568850115,0.6981800573932974,0.4954602068681738,0.3016492312241277,0.234004215198677,0.2343174858526028,0.16243407151375483,0.2110210415280051,0.03133698879752646
0.845105764709252,0.7147959962923534,0.4926839660609146,0.35344526875759463,0.28144348624661086,0.2387772105238983,0.1131107843800756,0.05491766812656144,0.01256344363529515
0.87120045231396,0.7477090216332447,0.428249374248997,0.3204688220564408,0.25029397000353487,0.24098758626432037,0.14268473694222558,0.18524528110698632,0.0386366314183471
0.816626455201301,0.7821654930733615,0.36616871039877574,0.2953526090550293,0.25288841683825003,0.16129256116357232,0.08958878445564801,0.19675469411551658,0.07033483663291186
0.7891286289939705,0.7430469108011829,0.31772914130145447,0.35858219906802324,0.2158959904893559,0.16744052146249394,0.23328128624276973,0.1636440166656282,0.09159914648196066
0.7831351682271572,0.7400710069644225,0.44305276339612054,0.4135584453447924,0.17097361142422257,0.2089062837407363,0.25020043390786556,-0.009848406567975851,0.04839333478780638
0.9409389589693904,0.7032589745247118,0.4327900003344269,0.4476471737049599,0.15492141704169093,0.18626122599494094,0.08309883075915704,0.06790567866608835,0.09631688545699275
0.8082863716434592,0.6971180007822689,0.47159630421517806,0.29042327207194085,0.249030229854344,0.21371437168980711,0.18157017266353398,0.08831412192414605,0.058771237578808894
0.8833085150258909,0.7713202941202686,0.45177786520469776,0.318049196649566,0.22856030704343083,0.0892503838651112,0.05989651712405457,0.14092347594525056,0.014103951539085231
0.827183298916089,0.6117322603432946,0.482832826122039,0.27561493702682927,0.17978029628302927,0.23262334563267872,0.17688798334714623,0.10868455805971512,0.06627024717369198
0.8449161794777895,0.6984521159301973,0.4688213861248832,0.3953867340173903,0.23497308364448705,0.1877250115856367,0.24089238274233937,0.11648560011016258,0.06876486830627844
0.8880950184840264,0.6673321238105364,0.43211472655926747,0.2953092103893873,0.17421839990948218,0.26409755369410226,0.12868412299659143,0.12730487473559937,0.0013090631181891868
0.9173152454142983,0.6845005724575002,0.4206234612057938,0.352137036946031,0.14124967994826504,0.21780275099051355,0.08333027589504957,0.18459643173490287,0.11966921429641071
0.9452891163538681,0.8251429381945883,0.479491416767806,0.3727959752388027,0.26873422255827645,0.28143033152364577,0.17456708772137608,0.11271330490907967,0.04028197267527101
0.9001228598444452,0.7600241985147421,0.5069970961413292,0.2856534151059604,0.19278621851999625,0.1728641207828525,0.19132893838764267,0.019822932277162447,0.13059282005008144
0.7888297931429147,0.6972776436994149,0.42528776014284425,0.31071142632790166,0.32494228566429223,0.14260606156765582,0.22817603268514358,0.10360785824976415,-0.027534395506414414
0.8787100906873495,0.7530505285436871,0.5015666335714928,0.3508160406077501,0.25425366397706456,0.22253342118955244,0.07722397735947502,0.07264388490252352,-0.007485060860720025
0.9510391899635585,0.7386367137894883,0.494395677862179,0.42970701482944923,0.31746429971955975,0.2387321911194531,0.15647251753697705,0.0452638667005484,-0.05266376397099684
0.8402246349502595,0.6762766687367583,0.4942378720268936,0.4006147023146973,0.3132704766988096,0.24437295446947196,0.12976869222272822,0.10672190162361839,0.017156348798055193
0.9159843724189204,0.6839944456945714,0.4872082218875576,0.18300711575193668,0.25799049493897774,0.17869376283546198,0.14521170743328782,0.10660226565100761,-0.013935559982699727
0.883144225228465,0.772294808748385,0.38475213306370704,0.3309769167887938,0.3419156077644436,0.18473052547717975,0.14322534343385418,0.04239995115357344,0.11433397328636853
0.8629803724994881,0.7356915960489456,0.5149981896049922,0.3220948654662554,0.3567005483952627,0.27009887155091383,0.10434678661756287,0.11761934756116944,0.1312091520114667
0.9393389216484241,0.6791146240510717,0.3950639315092557,0.41073929873744974,0.33577557218874227,0.1299402410252789,0.21193378939994584,0.12259766513126019,0.05508885588852425
0.9154709596688154,0.6882091237009595,0.5235339601007948,0.30917494616348395,0.15143327403726747,0.2520541503073157,0.16060660875544736,0.03480070113977027,0.03853276450831115
0.8618922373166077,0.7382822033612058,0.47398168461089635,0.32262619614680305,0.20130959305484575,0.17528606843918582,0.16356589740219818,0.140582988815636,0.058365727995097046
0.8765594466552443,0.7749665541613501,0.449761107276557,0.3234472476947806,0.15296566285246382,0.2438061541889312,0.13213376777568597,0.1348283327098026,0.20219893010759377
0.9084443926930786,0.7856025484440421,0.44708550596221025,0.38006387567600386,0.35775245484759,0.1651116893068514,0.1290306090138965,0.08658504249932265,0.007120120790021507
0.8857747546172494,0.7400070653749488,0.39901426955426955,0.34648384232942786,0.35548289430147545,0.2215649373131142,0.17077145903273516,0.05558425871074915,0.03250111783087349
0.897977519084074,0.7639992604737477,0.34349462751582005,0.3043447348985859,0.22737588933218697,0.1650985430135727,0.117035836749243,0.15389151097133164,0.06286428107042252
0.8813741453142826,0.7060559774711871,0.3933044496836364,0.3874461233398976,0.24397477677532448,0.18794130879782403,0.24139645458191897,0.1256199360548709,-0.06447829573450137
0.8441085525910047,0.7579254385766556,0.3838500318068947,0.3909950847615968,0.3051418237020131,0.24359977640603153,0.2356181267832436,0.18610229704067943,0.04794633639107003
0.7671136321677584,0.7256030573829881,0.4526502520586539,0.37167669685263627,0.22779885668645328,0.12742621529930104,0.14870487925007544,0.1654521386615343,0.06472438909736512
0.7821422862809524,0.6875847437113726,0.43721698509905754,0.29053053049331046,0.3362953371760414,0.24072314344974988,0.2007963364144546,0.008659224457218936,0.0018333991354532592
0.8828864095800106,0.7488602061205232,0.4516345913473367,0.38430639952352974,0.27560441466554736,0.11982954861518051,0.1591276748777653,0.08813538980713519,0.11958676648470536
0.8410022542129298,0.8263414653258369,0.402008759411867,0.361709442046616,0.3287855025315084,0.17808890758538448,0.19672231740905594,0.16879644701683488,0.07002665624797756
0.7723833080934629,0.583780928177986,0.46554881509641716,0.335180365139068,0.266819068786448,0.2143699353205446,0.07746667466951393,0.13843796941069653,0.07544058681750551
0.8329759403319276,0.7533891055288007,0.4149717076321895,0.40062129364157495,0.2551796079499788,0.18633913657119688,0.18529220800567472,0.1595864697868606,0.16233172369836596
0.8694253045265348,0.6992667792763708,0.40972901525201266,0.27158788630281705,0.26746857041300837,0.31506714577947864,0.14193444018572146,0.05563332448660089,0.04849931912644944
0.950843830903593,0.6707530912054951,0.49036944157029333,0.33974898269495674,0.24596789857809595,0.2212585966317704,0.11936624303343366,0.03182708962355453,0.09433470844652722
0.9391539704081943,0.6871041812281837,0.4008365006580345,0.3820846903154033,0.2441547147148276,0.09668390805340432,0.12906274396536566,0.160494364265363,-0.000465207023938527
0.826125809030278,0.6784056814869903,0.4715501645576704,0.39131695863521065,0.26713976315664817,0.2264596515489641,0.08828505253305348,0.07338328889164067,-0.012716017221633041
0.7901899122900219,0.6480110215230572,0.4535591933183656,0.32716630224862225,0.31309015096043585,0.17109259421343667,0.14335000202250317,0.13226207409880386,0.09398042054173014
0.8836143303456945,0.7532360627410725,0.5551063053433576,0.34832316850119366,0.2404071011998783,0.21405091833267803,0.23867422654689055,0.06388018810628736,0.16843587407715876
0.8865653164676371,0.7429105039772843,0.4694227563947477,0.3511177287751589,0.3515533590833081,0.1441169331022643,0.11541898540633541,0.10028993719715006,-0.03837250343394108
0.8491580539287988,0.6984505915648971,0.4844784367687956,0.34669696825739177,0.24331354432773517,0.196038765999041,0.12686934944585598,0.17136226883561723,0.08288114143820427
0.8702109934577446,0.7804664278139136,0.4163139538931174,0.34155667454308725,0.13592758224217472,0.09093775736455126,0.2033952971364862,0.0009307322225720893,-0.005035699644583759
0.8255034443904636,0.7487308900640405,0.46775234894677414,0.342866881317453,0.29974451312799477,0.18922427268575925,0.19175880891917438,0.057857584455006855,0.12672168895653213
0.9203409536358867,0.7849616852005143,0.40819719144928396,0.3553869539538788,0.22442385905717765,0.21093238068456197,0.2092532760633797,0.11329149774890981,0.05843051208386377
0.8853023534112543,0.791292339369689,0.4560374039519246,0.39334122996730997,0.25725678782840755,0.17692886557148527,0.080647498005258,0.008588282980083045,0.11386996883030157
0.8470429557864134,0.6935415261510733,0.5106381362647249,0.3990764407846944,0.3036635541121399,0.36999162754380444,0.0848762214071939,0.01401228898175201,-0.003087720891651005
0.8149606350218116,0.7591608789347947,0.5261225621677175,0.3106920625232059,0.2561327771068165,0.30307707128279704,0.12137709379783093,0.022196903630481574,0.014181546414014971
0.7978975322197639,0.7180671759657791,0.4462536369243329,0.2548414234700138,0.23164817468521282,0.1771677842770805,0.15816524236051208,0.10142604232603956,0.0634889581821218
0.8842438327556819,0.7094473836570163,0.46760939197053486,0.3524442558909535,0.18844590673264197,0.21707765204607618,0.08437039286498554,0.15506050183982237,0.03487977697739174
0.85655420499023,0.7025715613882466,0.4176227506869518,0.4676269466336562,0.26462351738013384,0.19063490795706275,0.23400077945905967,0.08653560972682221,0.13561416219545186
0.8569209041286474,0.7699168283123825,0.42712918216893764,0.3371623658943362,0.22437500850635125,0.1592186512507639,0.1488801429883104,0.19761558665735773,-0.04963762112685653
0.8900195744797548,0.6402235150436921,0.5030373712603079,0.3243888176233768,0.172889938484342,0.2165471367739508,0.12778101559772587,0.08027735376725659,0.04023303092093727
0.9390814107676392,0.7033116011954698,0.47007074708475854,0.3605412455224647,0.2339809883052886,0.21740968174774777,0.16319134574455504,0.0827833122684034,0.06361920795012083
0.8031598298526984,0.8273817901124939,0.4399214216572586,0.32257328478056196,0.1136718860166937,0.2055848970525578,0.13294111716829332,0.022991776058478422,0.01928511490907895
0.855902663939112,0.6362024239271312,0.5142404973750209,0.3638730637037362,0.19120295886258803,0.17171184371401904,0.14084456160700193,0.02153991567311897,0.06400683702109396
0.9503009268894728,0.609587866159948,0.3828954527021883,0.3597199471284404,0.1471069654946333,0.228109465759111,0.20380894972766295,0.08557440913641329,0.12830580962812396
0.7825968632145046,0.7757239413104245,0.5222342968473861,0.3015402321285747,0.2161777781892885,0.1583381904763002,0.16974814141840647,0.11908954270134126,0.10576031411419608
0.8783825880532575,0.7300787896232261,0.4150369341048903,0.32905796550501515,0.2970761066065193,0.12087704503834712,0.1548623317005793,0.1637589177199547,0.0916739238810768
0.7596545595394684,0.7365750804837223,0.44192567253300363,0.420329339361281,0.21985004531267016,0.2645828658975966,0.14050121670956106,0.21956888416944834,0.018476815725366767
0.8059965814823533,0.7940769845464773,0.49390715206792013,0.3408278480107773,0.3334771611616736,0.06848437548371872,0.1237387954804017,0.16162408998825228,-0.004643940789647513
0.8977824538210233,0.6951785803164869,0.39974600181429243,0.3392475522710336,0.2588777725052559,0.24385626453837106,0.11686550623755199,0.11521067470896298,0.1049888702762879
0.9020366740477423,0.7869515388401165,0.4383464555986114,0.4147372407729633,0.29053372189578613,0.22671785244863688,0.0995836787049425,0.14524327507083568,0.028546575159136122
0.8764693444022319,0.7389516167337382,0.39668122082623203,0.3445117307675579,0.28804722285242823,0.22476294589163864,0.17173318028233575,0.1435763039864454,0.11108480332635992
0.84363289389412,0.7671215589298993,0.4855572658925244,0.27835915697439256,0.28044858204563183,0.21032710131472804,0.1413364836640501,0.14043787628653037,0.05246010809166848
0.8760895727292778,0.7705056746971337,0.4579577498591849,0.3791482828643694,0.28393045716803716,0.26027983619071504,0.2808970303040096,0.04233876817144725,-0.08185249865960374
0.911437883843423,0.7331824888910005,0.5319350332365755,0.36778583690380356,0.3030546300183598,0.15552331786945406,0.22671852000620132,0.1279739686291797,0.10117578084862461
0.8532044391653153,0.7433821801185666,0.5113501147528926,0.397104618391607,0.200267887593545,0.1991667151501097,0.21279265311324327,0.05461423009555175,0.07700060274733735
0.9406217832655326,0.6528496787966103,0.41882839804211547,0.3066057878840866,0.22641961305668817,0.21328570055853946,0.17943950780231988,0.019823346491999294,0.13356199452511652
0.8848630282478265,0.7472364343892316,0.4846032327172159,0.47594639676550443,0.34228444085107296,0.20296999469645718,0.09946173382367235,0.15267878519420677,0.09668269590558894
0.8320663914551971,0.7302744855488169,0.45646834818024523,0.39685919483880633,0.2129989454846717,0.18855788946835322,0.18773083090821702,0.08691091441919949,0.08460669561078604
0.9138692797721235,0.6600157986290693,0.4861060430403824,0.3365554901881332,0.3326721952045918,0.19315181981968138,0.09411824406957797,0.12637992729374378,0.06741325040906704
0.8313429909271972,0.6734488783018999,0.4771885114686585,0.40189746145358823,0.2542812417421346,0.1903972048366964,0.050202649825467044,0.18825723320834306,-0.04602470393651106
0.8642022789757611,0.6949677535583864,0.4561620330929944,0.3387947971757718,0.20740335042160052,0.16198558839843874,0.1968409691238349,0.09073288449594512,-0.04047923700448769
0.9380170490171932,0.7430390528699666,0.5174492023779805,0.31884830243675977,0.2910376758470481,0.1467126787222408,0.10497176067313578,0.11894062033842906,0.1583305688102245
0.7737848944340912,0.7512848960920556,0.48942479947839834,0.3641098194600916,0.16227961981817635,0.13417085269987583,0.10609475868504649,0.10733915272885484,-0.05461288881269909
0.8539965228738843,0.6322551135320129,0.4986939285566923,0.3015514474920411,0.22211853844843726,0.18723129676437822,0.2906859376312453,0.010135734717368575,0.04533360647894855
0.7941432199656332,0.7685698038045116,0.425202301675067,0.32304430063388684,0.23934333736396537,0.22258125115222568,0.16284263956779044,0.07262083640979446,0.055602544512075976
0.7657841936518622,0.7277622389773812,0.38103823012064125,0.3876352310431045,0.3234290524813377,0.21179575764177913,0.1607847679437808,0.05176333946502801,-0.02479356661348006
0.7886097882253531,0.7927902670461467,0.47841380072069606,0.3833017641381172,0.32996583337160984,0.14353133948971278,0.08808465714156782,0.12046767063619618,0.1002629651809381
0.8448872755273359,0.6851750435289985,0.36111118246545726,0.39311432398098495,0.3357131815575696,0.25557492960026806,0.23883310039421804,-0.006349458979720196,-0.007635574081765718
0.8140170900089119,0.7730226238702123,0.4798161860109027,0.28867497975417855,0.27675198972647885,0.2733003771929179,0.20079933890197976,0.12156437978879642,0.11070174436597793
0.8715602156082166,0.6979870729776589,0.48999328216686394,0.3918978118875776,0.26302824880092673,0.3237048466443926,0.09012583820800857,0.11681940127453308,0.07932081571790903
0.8451163408046947,0.7105520879629991,0.5046192368953577,0.3143176525691184,0.31763006332084565,0.1819544420134938,0.11499269000427681,0.10996840252153708,0.030471701730952334
0.8000364615788716,0.6505324716345192,0.4357081235523849,0.3396486237339218,0.24668233929492805,0.18726101141055315,0.10254686155923208,0.0400274000623885,0.10294605716151606
0.7737788077700879,0.7846354231278647,0.46424825462424235,0.35947931478803086,0.32972563690800816,0.14101371354421183,0.12688246793032895,0.024281729783080408,0.06836369673173466
0.8331572334500205,0.7459306707656063,0.4490975578993447,0.39732440590295326,0.35325528992179983,0.20676327893249802,0.15953010369888695,0.09624297435497443,0.049779903420377324
0.9372452254298242,0.7664111009307666,0.5106724270311653,0.3683718927350818,0.22466563247742619,0.2180356293086684,0.12085329352950423,0.10074791327363548,0.005107059567805904
0.9445114923639392,0.6698201266648806,0.4257665076816642,0.30761879835090733,0.28153852054698686,0.2161087567686437,0.15983925108840316,0.1257682464041507,0.00342369475499725
